timestamp,time,symbol,bid1_price,bid1_volume,bid2_price,bid2_volume,ask1_price,ask1_volume,ask2_price,ask2_volume
1753531543000,12:05:43.000,ACT/USDT:USDT,0.04585,1.0,0.04583,48.0,0.04586,189.0,0.04587,307.0
1753531543417,12:05:43.417,ACT/USDT:USDT,0.04585,1.0,0.04583,48.0,0.04586,200.0,0.04587,307.0
1753531544429,12:05:44.429,ACT/USDT:USDT,0.04585,1.0,0.04583,48.0,0.04586,189.0,0.04587,307.0
1753531547133,12:05:47.133,ACT/USDT:USDT,0.04585,1.0,0.04583,48.0,0.04586,189.0,0.04587,307.0
1753531547257,12:05:47.257,ACT/USDT:USDT,0.04585,1.0,0.04583,48.0,0.04586,189.0,0.04587,307.0
1753531548076,12:05:48.076,ACT/USDT:USDT,0.04585,1.0,0.04583,48.0,0.04586,189.0,0.04587,307.0
1753531548277,12:05:48.277,ACT/USDT:USDT,0.04585,1.0,0.04583,48.0,0.04586,189.0,0.04587,307.0
1753531553186,12:05:53.186,ACT/USDT:USDT,0.04585,1.0,0.04583,48.0,0.04586,189.0,0.04587,307.0
1753531555319,12:05:55.319,ACT/USDT:USDT,0.04585,1.0,0.04583,48.0,0.04586,211.0,0.04587,307.0
1753531555818,12:05:55.818,ACT/USDT:USDT,0.04585,1.0,0.04583,48.0,0.04586,189.0,0.04587,318.0
1753531556680,12:05:56.680,ACT/USDT:USDT,0.04585,1.0,0.04583,48.0,0.04586,189.0,0.04587,318.0
1753531556895,12:05:56.895,ACT/USDT:USDT,0.04585,1.0,0.04583,48.0,0.04586,189.0,0.04587,318.0
1753531558437,12:05:58.437,ACT/USDT:USDT,0.04585,1.0,0.04583,48.0,0.04586,189.0,0.04587,318.0
1753531560639,12:06:00.639,ACT/USDT:USDT,0.04585,1.0,0.04583,48.0,0.04586,211.0,0.04587,318.0
1753531560764,12:06:00.764,ACT/USDT:USDT,0.04585,1.0,0.04583,48.0,0.04586,211.0,0.04587,318.0
1753531560871,12:06:00.871,ACT/USDT:USDT,0.04583,48.0,0.04582,3.0,0.04584,296.0,0.04585,2182.0
1753531560943,12:06:00.943,ACT/USDT:USDT,0.04582,1.0,0.04581,2.0,0.04583,312.0,0.04584,315.0
1753531561058,12:06:01.058,ACT/USDT:USDT,0.04581,3.0,0.0458,49.0,0.04583,318.0,0.04584,315.0
1753531561275,12:06:01.275,ACT/USDT:USDT,0.04581,3.0,0.04579,188.0,0.04582,110.0,0.04583,312.0
1753531561374,12:06:01.374,ACT/USDT:USDT,0.04581,3.0,0.04579,188.0,0.04582,110.0,0.04583,312.0
1753531561455,12:06:01.455,ACT/USDT:USDT,0.04581,3.0,0.0458,11.0,0.04582,110.0,0.04583,312.0
1753531561682,12:06:01.682,ACT/USDT:USDT,0.0458,3.0,0.04579,188.0,0.04582,110.0,0.04583,312.0
1753531562277,12:06:02.277,ACT/USDT:USDT,0.0458,3.0,0.04579,188.0,0.04582,110.0,0.04583,312.0
1753531562709,12:06:02.709,ACT/USDT:USDT,0.0458,14.0,0.04579,188.0,0.04582,110.0,0.04583,312.0
1753531563907,12:06:03.907,ACT/USDT:USDT,0.0458,14.0,0.04579,188.0,0.04582,110.0,0.04583,312.0
1753531565113,12:06:05.113,ACT/USDT:USDT,0.0458,14.0,0.04579,188.0,0.04582,110.0,0.04583,312.0
1753531566474,12:06:06.474,ACT/USDT:USDT,0.0458,3.0,0.04579,199.0,0.04581,110.0,0.04582,110.0
1753531566608,12:06:06.608,ACT/USDT:USDT,0.0458,3.0,0.04579,210.0,0.04581,124.0,0.04582,110.0
1753531566739,12:06:06.739,ACT/USDT:USDT,0.0458,3.0,0.04579,210.0,0.04581,124.0,0.04582,110.0
1753531567218,12:06:07.218,ACT/USDT:USDT,0.0458,3.0,0.04579,210.0,0.04581,124.0,0.04582,110.0
1753531567963,12:06:07.963,ACT/USDT:USDT,0.0458,3.0,0.04579,210.0,0.04581,124.0,0.04582,110.0
1753531568392,12:06:08.392,ACT/USDT:USDT,0.0458,3.0,0.04579,210.0,0.04581,124.0,0.04582,110.0
1753531569298,12:06:09.298,ACT/USDT:USDT,0.0458,3.0,0.04579,210.0,0.04581,124.0,0.04582,110.0
1753531570231,12:06:10.231,ACT/USDT:USDT,0.0458,3.0,0.04579,199.0,0.04581,124.0,0.04582,110.0
1753531571262,12:06:11.262,ACT/USDT:USDT,0.0458,3.0,0.04579,199.0,0.04581,124.0,0.04582,110.0
1753531571670,12:06:11.670,ACT/USDT:USDT,0.0458,214.0,0.04579,188.0,0.04581,14.0,0.04583,162.0
1753531571765,12:06:11.765,ACT/USDT:USDT,0.04581,200.0,0.0458,203.0,0.04582,14.0,0.04584,351.0
1753531571817,12:06:11.817,ACT/USDT:USDT,0.04581,22.0,0.0458,203.0,0.04583,14.0,0.04584,351.0
1753531571882,12:06:11.882,ACT/USDT:USDT,0.04581,22.0,0.0458,200.0,0.04583,14.0,0.04584,351.0
1753531572045,12:06:12.045,ACT/USDT:USDT,0.04581,22.0,0.0458,200.0,0.04583,14.0,0.04584,351.0
1753531572475,12:06:12.475,ACT/USDT:USDT,0.04581,22.0,0.0458,200.0,0.04583,14.0,0.04584,351.0
1753531572602,12:06:12.602,ACT/USDT:USDT,0.04581,211.0,0.0458,200.0,0.04583,14.0,0.04584,351.0
1753531572864,12:06:12.864,ACT/USDT:USDT,0.04581,211.0,0.0458,200.0,0.04583,14.0,0.04584,351.0
1753531574340,12:06:14.340,ACT/USDT:USDT,0.04581,211.0,0.0458,200.0,0.04583,14.0,0.04584,351.0
1753531574425,12:06:14.425,ACT/USDT:USDT,0.04581,211.0,0.0458,200.0,0.04583,14.0,0.04584,351.0
1753531575558,12:06:15.558,ACT/USDT:USDT,0.04581,211.0,0.0458,200.0,0.04583,14.0,0.04584,351.0
1753531576441,12:06:16.441,ACT/USDT:USDT,0.04581,211.0,0.0458,200.0,0.04583,14.0,0.04584,162.0
1753531576920,12:06:16.920,ACT/USDT:USDT,0.04581,200.0,0.0458,189.0,0.04583,14.0,0.04584,162.0
1753531581873,12:06:21.873,ACT/USDT:USDT,0.0458,189.0,0.04579,237.0,0.04583,14.0,0.04584,343.0
1753531581955,12:06:21.955,ACT/USDT:USDT,0.04581,14.0,0.0458,189.0,0.04583,14.0,0.04584,343.0
1753531582025,12:06:22.025,ACT/USDT:USDT,0.04581,25.0,0.0458,189.0,0.04583,14.0,0.04584,343.0
1753531582082,12:06:22.082,ACT/USDT:USDT,0.04581,22.0,0.0458,189.0,0.04583,14.0,0.04584,343.0
1753531582189,12:06:22.189,ACT/USDT:USDT,0.04581,22.0,0.0458,189.0,0.04583,14.0,0.04584,343.0
1753531583013,12:06:23.013,ACT/USDT:USDT,0.04581,22.0,0.0458,189.0,0.04583,14.0,0.04584,343.0
1753531583439,12:06:23.439,ACT/USDT:USDT,0.04581,22.0,0.0458,189.0,0.04583,14.0,0.04584,343.0
1753531584483,12:06:24.483,ACT/USDT:USDT,0.04581,11.0,0.0458,189.0,0.04583,14.0,0.04584,343.0
1753531585958,12:06:25.958,ACT/USDT:USDT,0.04581,205.0,0.0458,1844.0,0.04583,14.0,0.04584,162.0
1753531585978,12:06:25.978,ACT/USDT:USDT,0.04581,205.0,0.0458,1844.0,0.04583,14.0,0.04584,162.0
1753531586435,12:06:26.435,ACT/USDT:USDT,0.04581,205.0,0.0458,1844.0,0.04583,14.0,0.04584,162.0
1753531587145,12:06:27.145,ACT/USDT:USDT,0.04581,205.0,0.0458,1844.0,0.04583,14.0,0.04584,162.0
1753531590627,12:06:30.627,ACT/USDT:USDT,0.04581,205.0,0.0458,1844.0,0.04583,14.0,0.04584,345.0
1753531591251,12:06:31.251,ACT/USDT:USDT,0.04581,205.0,0.0458,189.0,0.04583,14.0,0.04584,345.0
1753531593472,12:06:33.472,ACT/USDT:USDT,0.0458,200.0,0.04579,7782.0,0.04582,110.0,0.04583,175.0
1753531593483,12:06:33.483,ACT/USDT:USDT,0.0458,200.0,0.04579,7782.0,0.04582,110.0,0.04583,161.0
1753531593669,12:06:33.669,ACT/USDT:USDT,0.0458,200.0,0.04579,7782.0,0.04582,110.0,0.04583,161.0
1753531594114,12:06:34.114,ACT/USDT:USDT,0.0458,211.0,0.04579,7782.0,0.04582,110.0,0.04583,161.0
1753531596243,12:06:36.243,ACT/USDT:USDT,0.0458,200.0,0.04579,7782.0,0.04582,110.0,0.04583,161.0
1753531596345,12:06:36.345,ACT/USDT:USDT,0.0458,200.0,0.04579,7782.0,0.04582,110.0,0.04583,161.0
1753531597538,12:06:37.538,ACT/USDT:USDT,0.0458,200.0,0.04579,1827.0,0.04582,110.0,0.04583,161.0
1753531600062,12:06:40.062,ACT/USDT:USDT,0.0458,200.0,0.04579,1827.0,0.04582,110.0,0.04583,161.0
1753531600162,12:06:40.162,ACT/USDT:USDT,0.0458,211.0,0.04579,1827.0,0.04583,161.0,0.04584,183.0
1753531600251,12:06:40.251,ACT/USDT:USDT,0.04581,1.0,0.0458,211.0,0.04582,6.0,0.04583,161.0
1753531600875,12:06:40.875,ACT/USDT:USDT,0.04581,200.0,0.0458,200.0,0.04582,14.0,0.04583,161.0
1753531600878,12:06:40.878,ACT/USDT:USDT,0.04581,211.0,0.0458,189.0,0.04582,14.0,0.04583,161.0
1753531601466,12:06:41.466,ACT/USDT:USDT,0.04581,211.0,0.0458,189.0,0.04582,14.0,0.04583,161.0
1753531601482,12:06:41.482,ACT/USDT:USDT,0.04581,211.0,0.0458,189.0,0.04582,14.0,0.04583,161.0
1753531603303,12:06:43.303,ACT/USDT:USDT,0.04581,211.0,0.0458,189.0,0.04582,14.0,0.04583,161.0
1753531603950,12:06:43.950,ACT/USDT:USDT,0.04581,189.0,0.0458,189.0,0.04582,14.0,0.04583,161.0
1753531604094,12:06:44.094,ACT/USDT:USDT,0.04581,3.0,0.0458,189.0,0.04582,14.0,0.04583,161.0
1753531604315,12:06:44.315,ACT/USDT:USDT,0.04581,3.0,0.0458,189.0,0.04582,14.0,0.04583,161.0
1753531605696,12:06:45.696,ACT/USDT:USDT,0.04581,14.0,0.0458,189.0,0.04582,14.0,0.04583,161.0
1753531606374,12:06:46.374,ACT/USDT:USDT,0.04581,3.0,0.04579,188.0,0.04582,14.0,0.04583,161.0
1753531606396,12:06:46.396,ACT/USDT:USDT,0.0458,25.0,0.04579,188.0,0.04582,124.0,0.04583,161.0
1753531606482,12:06:46.482,ACT/USDT:USDT,0.0458,22.0,0.04579,188.0,0.04582,110.0,0.04583,161.0
1753531606749,12:06:46.749,ACT/USDT:USDT,0.0458,22.0,0.04579,188.0,0.04582,110.0,0.04583,161.0
1753531607979,12:06:47.979,ACT/USDT:USDT,0.0458,3.0,0.04579,188.0,0.04581,14.0,0.04582,110.0
1753531608388,12:06:48.388,ACT/USDT:USDT,0.0458,3.0,0.04579,188.0,0.04581,14.0,0.04582,110.0
1753531610294,12:06:50.294,ACT/USDT:USDT,0.0458,14.0,0.04579,188.0,0.04581,14.0,0.04582,110.0
1753531610791,12:06:50.791,ACT/USDT:USDT,0.0458,25.0,0.04579,188.0,0.04581,14.0,0.04582,110.0
1753531611401,12:06:51.401,ACT/USDT:USDT,0.0458,14.0,0.04579,188.0,0.04581,14.0,0.04582,110.0
1753531611551,12:06:51.551,ACT/USDT:USDT,0.0458,211.0,0.04579,188.0,0.04581,14.0,0.04583,160.0
1753531611583,12:06:51.583,ACT/USDT:USDT,0.0458,211.0,0.04579,188.0,0.04582,14.0,0.04583,160.0
1753531611682,12:06:51.682,ACT/USDT:USDT,0.0458,208.0,0.04579,188.0,0.04582,14.0,0.04583,160.0
1753531612027,12:06:52.027,ACT/USDT:USDT,0.0458,208.0,0.04579,188.0,0.04582,14.0,0.04583,160.0
1753531612445,12:06:52.445,ACT/USDT:USDT,0.0458,208.0,0.04579,188.0,0.04582,14.0,0.04583,160.0
1753531612864,12:06:52.864,ACT/USDT:USDT,0.0458,208.0,0.04579,188.0,0.04582,14.0,0.04583,160.0
1753531613098,12:06:53.098,ACT/USDT:USDT,0.04581,200.0,0.0458,197.0,0.04582,14.0,0.04583,160.0
1753531613279,12:06:53.279,ACT/USDT:USDT,0.04581,200.0,0.0458,197.0,0.04582,14.0,0.04583,160.0
1753531613614,12:06:53.614,ACT/USDT:USDT,0.04581,189.0,0.0458,197.0,0.04582,14.0,0.04583,160.0
1753531613691,12:06:53.691,ACT/USDT:USDT,0.04581,189.0,0.0458,197.0,0.04582,14.0,0.04583,160.0
1753531614139,12:06:54.139,ACT/USDT:USDT,0.04581,200.0,0.0458,197.0,0.04582,14.0,0.04583,160.0
1753531620419,12:07:00.419,ACT/USDT:USDT,0.04581,189.0,0.0458,197.0,0.04582,14.0,0.04583,160.0
1753531622772,12:07:02.772,ACT/USDT:USDT,0.04581,3.0,0.0458,197.0,0.04582,14.0,0.04583,160.0
1753531625918,12:07:05.918,ACT/USDT:USDT,0.04581,3.0,0.0458,186.0,0.04582,14.0,0.04583,160.0
1753531626473,12:07:06.473,ACT/USDT:USDT,0.04581,3.0,0.0458,186.0,0.04582,14.0,0.04583,160.0
1753531626479,12:07:06.479,ACT/USDT:USDT,0.04581,3.0,0.0458,1827.0,0.04582,14.0,0.04583,160.0
1753531628038,12:07:08.038,ACT/USDT:USDT,0.04581,3.0,0.0458,1827.0,0.04582,14.0,0.04583,160.0
1753531629503,12:07:09.503,ACT/USDT:USDT,0.04581,14.0,0.0458,1827.0,0.04582,14.0,0.04583,160.0
1753531633185,12:07:13.185,ACT/USDT:USDT,0.04581,199.0,0.0458,1827.0,0.04582,14.0,0.04583,160.0
1753531634900,12:07:14.900,ACT/USDT:USDT,0.04581,3.0,0.0458,1827.0,0.04582,14.0,0.04583,160.0
1753531639109,12:07:19.109,ACT/USDT:USDT,0.04581,209.0,0.0458,1876.0,0.04582,14.0,0.04585,159.0
1753531639183,12:07:19.183,ACT/USDT:USDT,0.04581,209.0,0.0458,1876.0,0.04584,14.0,0.04585,159.0
1753531640356,12:07:20.356,ACT/USDT:USDT,0.04581,209.0,0.0458,1876.0,0.04584,14.0,0.04585,159.0
1753531645120,12:07:25.120,ACT/USDT:USDT,0.04582,206.0,0.04581,187.0,0.04584,14.0,0.04585,159.0
1753531645222,12:07:25.222,ACT/USDT:USDT,0.04582,206.0,0.04581,184.0,0.04584,14.0,0.04585,159.0
1753531646448,12:07:26.448,ACT/USDT:USDT,0.04582,206.0,0.04581,184.0,0.04584,14.0,0.04585,159.0
1753531646866,12:07:26.866,ACT/USDT:USDT,0.04581,184.0,0.0458,1876.0,0.04583,110.0,0.04584,14.0
1753531646958,12:07:26.958,ACT/USDT:USDT,0.04581,206.0,0.0458,1827.0,0.04583,110.0,0.04584,159.0
1753531647391,12:07:27.391,ACT/USDT:USDT,0.04581,206.0,0.0458,1827.0,0.04583,110.0,0.04584,159.0
1753531649282,12:07:29.282,ACT/USDT:USDT,0.04581,206.0,0.0458,1827.0,0.04583,110.0,0.04584,159.0
1753531649416,12:07:29.416,ACT/USDT:USDT,0.04581,206.0,0.0458,1827.0,0.04583,110.0,0.04584,159.0
1753531651658,12:07:31.658,ACT/USDT:USDT,0.0458,186.0,0.04579,7797.0,0.04581,110.0,0.04582,110.0
1753531651738,12:07:31.738,ACT/USDT:USDT,0.0458,189.0,0.04579,1827.0,0.04581,124.0,0.04582,110.0
1753531651848,12:07:31.848,ACT/USDT:USDT,0.0458,189.0,0.04579,1827.0,0.04581,124.0,0.04582,110.0
1753531652272,12:07:32.272,ACT/USDT:USDT,0.0458,189.0,0.04579,1827.0,0.04581,124.0,0.04582,110.0
1753531652293,12:07:32.293,ACT/USDT:USDT,0.0458,189.0,0.04579,1827.0,0.04581,124.0,0.04582,110.0
1753531653909,12:07:33.909,ACT/USDT:USDT,0.0458,189.0,0.04579,1827.0,0.04581,14.0,0.04582,110.0
1753531654555,12:07:34.555,ACT/USDT:USDT,0.0458,211.0,0.04579,1827.0,0.04581,14.0,0.04582,110.0
1753531654579,12:07:34.579,ACT/USDT:USDT,0.0458,200.0,0.04579,1827.0,0.04581,14.0,0.04582,110.0
1753531655364,12:07:35.364,ACT/USDT:USDT,0.0458,3.0,0.04579,1639.0,0.04581,135.0,0.04582,293.0
1753531655465,12:07:35.465,ACT/USDT:USDT,0.0458,3.0,0.04579,1639.0,0.04581,135.0,0.04582,293.0
1753531655764,12:07:35.764,ACT/USDT:USDT,0.0458,3.0,0.04578,7793.0,0.04581,135.0,0.04582,293.0
1753531655798,12:07:35.798,ACT/USDT:USDT,0.04579,3.0,0.04578,7611.0,0.04581,135.0,0.04582,293.0
1753531655882,12:07:35.882,ACT/USDT:USDT,0.04579,3.0,0.04578,7611.0,0.04581,121.0,0.04582,293.0
1753531656044,12:07:36.044,ACT/USDT:USDT,0.04579,3.0,0.04578,7611.0,0.0458,110.0,0.04581,121.0
1753531656111,12:07:36.111,ACT/USDT:USDT,0.04579,3.0,0.04578,7611.0,0.0458,124.0,0.04581,121.0
1753531656238,12:07:36.238,ACT/USDT:USDT,0.04579,3.0,0.04578,1641.0,0.0458,135.0,0.04581,110.0
1753531656369,12:07:36.369,ACT/USDT:USDT,0.04579,3.0,0.04578,1641.0,0.0458,135.0,0.04581,110.0
1753531656466,12:07:36.466,ACT/USDT:USDT,0.04579,3.0,0.04578,1641.0,0.0458,135.0,0.04581,110.0
1753531656643,12:07:36.643,ACT/USDT:USDT,0.04579,3.0,0.04578,1641.0,0.0458,135.0,0.04581,110.0
1753531656747,12:07:36.747,ACT/USDT:USDT,0.04579,3.0,0.04578,1641.0,0.0458,135.0,0.04581,110.0
1753531657014,12:07:37.014,ACT/USDT:USDT,0.04579,3.0,0.04578,1641.0,0.0458,124.0,0.04581,110.0
1753531657164,12:07:37.164,ACT/USDT:USDT,0.04579,3.0,0.04578,1641.0,0.0458,124.0,0.04581,110.0
1753531658390,12:07:38.390,ACT/USDT:USDT,0.04579,3.0,0.04578,1641.0,0.0458,135.0,0.04581,110.0
1753531658778,12:07:38.778,ACT/USDT:USDT,0.04579,3.0,0.04578,1641.0,0.0458,124.0,0.04581,110.0
1753531659193,12:07:39.193,ACT/USDT:USDT,0.04579,3.0,0.04578,1641.0,0.0458,135.0,0.04581,110.0
1753531660432,12:07:40.432,ACT/USDT:USDT,0.04579,3.0,0.04578,1641.0,0.0458,135.0,0.04581,110.0
1753531660696,12:07:40.696,ACT/USDT:USDT,0.04579,3.0,0.04578,1641.0,0.0458,124.0,0.04581,110.0
1753531661259,12:07:41.259,ACT/USDT:USDT,0.04579,3.0,0.04578,1641.0,0.0458,124.0,0.04581,110.0
1753531666457,12:07:46.457,ACT/USDT:USDT,0.04579,208.0,0.04578,1641.0,0.0458,14.0,0.04582,183.0
1753531666504,12:07:46.504,ACT/USDT:USDT,0.04579,208.0,0.04578,1641.0,0.04581,14.0,0.04583,183.0
1753531666638,12:07:46.638,ACT/USDT:USDT,0.04579,205.0,0.04578,1641.0,0.04582,172.0,0.04583,341.0
1753531666682,12:07:46.682,ACT/USDT:USDT,0.0458,3.0,0.04579,205.0,0.04582,172.0,0.04583,341.0
1753531666873,12:07:46.873,ACT/USDT:USDT,0.0458,3.0,0.04579,194.0,0.04582,169.0,0.04583,341.0
1753531667018,12:07:47.018,ACT/USDT:USDT,0.0458,3.0,0.04579,194.0,0.04582,169.0,0.04583,341.0
1753531667369,12:07:47.369,ACT/USDT:USDT,0.0458,3.0,0.04578,1641.0,0.04581,132.0,0.04582,352.0
1753531667474,12:07:47.474,ACT/USDT:USDT,0.04579,3.0,0.04578,1641.0,0.0458,121.0,0.04581,124.0
1753531667713,12:07:47.713,ACT/USDT:USDT,0.04579,3.0,0.04578,1641.0,0.0458,121.0,0.04581,124.0
1753531668554,12:07:48.554,ACT/USDT:USDT,0.04579,3.0,0.04578,1641.0,0.0458,121.0,0.04581,135.0
1753531668867,12:07:48.867,ACT/USDT:USDT,0.04579,3.0,0.04578,1652.0,0.0458,110.0,0.04581,135.0
1753531669630,12:07:49.630,ACT/USDT:USDT,0.04579,3.0,0.04578,1652.0,0.0458,110.0,0.04581,135.0
1753531670575,12:07:50.575,ACT/USDT:USDT,0.04579,3.0,0.04578,1652.0,0.0458,110.0,0.04581,135.0
1753531670576,12:07:50.576,ACT/USDT:USDT,0.04579,3.0,0.04578,1652.0,0.0458,110.0,0.04581,135.0
1753531672818,12:07:52.818,ACT/USDT:USDT,0.04579,3.0,0.04578,1652.0,0.0458,110.0,0.04581,135.0
1753531675958,12:07:55.958,ACT/USDT:USDT,0.04579,3.0,0.04578,1641.0,0.0458,121.0,0.04581,124.0
1753531676062,12:07:56.062,ACT/USDT:USDT,0.04579,3.0,0.04578,1.0,0.0458,121.0,0.04581,124.0
1753531676095,12:07:56.095,ACT/USDT:USDT,0.04578,4.0,0.04577,7779.0,0.0458,110.0,0.04581,124.0
1753531676198,12:07:56.198,ACT/USDT:USDT,0.04578,4.0,0.04577,1824.0,0.0458,110.0,0.04581,110.0
1753531676279,12:07:56.279,ACT/USDT:USDT,0.04578,4.0,0.04577,1824.0,0.0458,110.0,0.04581,110.0
1753531676466,12:07:56.466,ACT/USDT:USDT,0.04578,26.0,0.04577,1824.0,0.04581,110.0,0.04582,157.0
1753531676556,12:07:56.556,ACT/USDT:USDT,0.04578,26.0,0.04577,1824.0,0.0458,14.0,0.04581,110.0
1753531676617,12:07:56.617,ACT/USDT:USDT,0.04578,12.0,0.04577,1824.0,0.0458,14.0,0.04581,110.0
1753531676718,12:07:56.718,ACT/USDT:USDT,0.04578,26.0,0.04577,1824.0,0.0458,14.0,0.04581,110.0
1753531676860,12:07:56.860,ACT/USDT:USDT,0.04578,12.0,0.04577,1824.0,0.0458,14.0,0.04581,110.0
1753531676883,12:07:56.883,ACT/USDT:USDT,0.04578,15.0,0.04577,1824.0,0.0458,14.0,0.04581,110.0
1753531679566,12:07:59.566,ACT/USDT:USDT,0.04578,209.0,0.04577,1824.0,0.0458,14.0,0.04581,110.0
1753531679583,12:07:59.583,ACT/USDT:USDT,0.04578,206.0,0.04577,1824.0,0.0458,14.0,0.04581,110.0
1753531681218,12:08:01.218,ACT/USDT:USDT,0.04578,195.0,0.04577,1824.0,0.0458,14.0,0.04581,110.0
1753531681345,12:08:01.345,ACT/USDT:USDT,0.04578,206.0,0.04577,1824.0,0.0458,14.0,0.04581,110.0
1753531682657,12:08:02.657,ACT/USDT:USDT,0.04578,206.0,0.04577,1824.0,0.0458,14.0,0.04581,110.0
1753531686249,12:08:06.249,ACT/USDT:USDT,0.04579,207.0,0.04578,184.0,0.0458,14.0,0.04582,157.0
1753531686287,12:08:06.287,ACT/USDT:USDT,0.04579,210.0,0.04578,184.0,0.04581,14.0,0.04582,157.0
1753531686426,12:08:06.426,ACT/USDT:USDT,0.04579,207.0,0.04578,184.0,0.04581,14.0,0.04582,157.0
1753531687247,12:08:07.247,ACT/USDT:USDT,0.04579,207.0,0.04578,184.0,0.04581,14.0,0.04582,157.0
1753531688239,12:08:08.239,ACT/USDT:USDT,0.0458,196.0,0.04579,207.0,0.04581,14.0,0.04582,157.0
1753531688318,12:08:08.318,ACT/USDT:USDT,0.0458,199.0,0.04579,1847.0,0.04581,14.0,0.04582,157.0
1753531688474,12:08:08.474,ACT/USDT:USDT,0.0458,199.0,0.04579,1847.0,0.04581,14.0,0.04582,157.0
1753531689301,12:08:09.301,ACT/USDT:USDT,0.0458,199.0,0.04579,1847.0,0.04581,14.0,0.04582,157.0
1753531690408,12:08:10.408,ACT/USDT:USDT,0.0458,199.0,0.04579,1847.0,0.04581,14.0,0.04582,157.0
1753531690527,12:08:10.527,ACT/USDT:USDT,0.0458,199.0,0.04579,1847.0,0.04581,14.0,0.04582,157.0
1753531691375,12:08:11.375,ACT/USDT:USDT,0.0458,188.0,0.04579,1836.0,0.04581,14.0,0.04582,157.0
1753531698363,12:08:18.363,ACT/USDT:USDT,0.0458,210.0,0.04579,1825.0,0.04581,14.0,0.04584,185.0
1753531698437,12:08:18.437,ACT/USDT:USDT,0.0458,210.0,0.04579,1825.0,0.04583,170.0,0.04584,341.0
1753531698498,12:08:18.498,ACT/USDT:USDT,0.0458,210.0,0.04579,1825.0,0.04583,170.0,0.04584,341.0
1753531699483,12:08:19.483,ACT/USDT:USDT,0.0458,199.0,0.04579,1825.0,0.04583,170.0,0.04584,341.0
1753531701074,12:08:21.074,ACT/USDT:USDT,0.0458,3.0,0.04579,1825.0,0.04582,110.0,0.04583,170.0
1753531701175,12:08:21.175,ACT/USDT:USDT,0.0458,3.0,0.04579,1640.0,0.04581,121.0,0.04582,306.0
1753531701220,12:08:21.220,ACT/USDT:USDT,0.0458,3.0,0.04578,184.0,0.04581,146.0,0.04582,306.0
1753531701321,12:08:21.321,ACT/USDT:USDT,0.04579,3.0,0.04578,1.0,0.0458,121.0,0.04581,124.0
1753531701466,12:08:21.466,ACT/USDT:USDT,0.04578,200.0,0.04577,1824.0,0.0458,110.0,0.04581,124.0
1753531701519,12:08:21.519,ACT/USDT:USDT,0.04578,208.0,0.04577,185.0,0.04581,110.0,0.04582,341.0
1753531701615,12:08:21.615,ACT/USDT:USDT,0.04579,3.0,0.04578,186.0,0.0458,124.0,0.04581,110.0
1753531701734,12:08:21.734,ACT/USDT:USDT,0.04579,3.0,0.04578,186.0,0.0458,14.0,0.04581,110.0
1753531701859,12:08:21.859,ACT/USDT:USDT,0.04579,3.0,0.04578,186.0,0.0458,14.0,0.04582,185.0
1753531701938,12:08:21.938,ACT/USDT:USDT,0.04579,3.0,0.04578,186.0,0.04581,14.0,0.04582,156.0
1753531702065,12:08:22.065,ACT/USDT:USDT,0.04579,3.0,0.04578,186.0,0.04581,25.0,0.04582,156.0
1753531702136,12:08:22.136,ACT/USDT:USDT,0.04579,3.0,0.04578,186.0,0.0458,110.0,0.04581,181.0
1753531702274,12:08:22.274,ACT/USDT:USDT,0.04579,3.0,0.04578,186.0,0.0458,110.0,0.04581,181.0
1753531703493,12:08:23.493,ACT/USDT:USDT,0.04579,3.0,0.04578,186.0,0.0458,110.0,0.04581,181.0
1753531703718,12:08:23.718,ACT/USDT:USDT,0.04579,3.0,0.04578,186.0,0.0458,110.0,0.04581,181.0
1753531704060,12:08:24.060,ACT/USDT:USDT,0.04579,3.0,0.04578,186.0,0.0458,110.0,0.04581,181.0
1753531704207,12:08:24.207,ACT/USDT:USDT,0.04579,3.0,0.04578,186.0,0.0458,110.0,0.04581,181.0
1753531706437,12:08:26.437,ACT/USDT:USDT,0.04579,3.0,0.04578,186.0,0.0458,110.0,0.04581,181.0
1753531706862,12:08:26.862,ACT/USDT:USDT,0.04579,3.0,0.04578,186.0,0.0458,110.0,0.04581,181.0
1753531707539,12:08:27.539,ACT/USDT:USDT,0.04579,3.0,0.04578,186.0,0.0458,110.0,0.04581,181.0
1753531710246,12:08:30.246,ACT/USDT:USDT,0.04579,206.0,0.04578,186.0,0.04581,170.0,0.04582,155.0
1753531710288,12:08:30.288,ACT/USDT:USDT,0.04579,192.0,0.04578,186.0,0.04581,156.0,0.04582,155.0
1753531710458,12:08:30.458,ACT/USDT:USDT,0.04579,203.0,0.04578,186.0,0.04581,156.0,0.04582,155.0
1753531710479,12:08:30.479,ACT/USDT:USDT,0.04579,203.0,0.04578,1826.0,0.04581,156.0,0.04582,155.0
1753531711673,12:08:31.673,ACT/USDT:USDT,0.04579,203.0,0.04578,1826.0,0.04581,156.0,0.04582,155.0
1753531714386,12:08:34.386,ACT/USDT:USDT,0.04579,181.0,0.04578,1826.0,0.04581,156.0,0.04582,155.0
1753531715022,12:08:35.022,ACT/USDT:USDT,0.04579,170.0,0.04578,1826.0,0.04581,156.0,0.04582,155.0
1753531715155,12:08:35.155,ACT/USDT:USDT,0.04578,1826.0,0.04577,7298.0,0.04581,167.0,0.04582,155.0
1753531715258,12:08:35.258,ACT/USDT:USDT,0.04579,3.0,0.04578,1826.0,0.0458,124.0,0.04581,156.0
1753531715353,12:08:35.353,ACT/USDT:USDT,0.04579,3.0,0.04578,1826.0,0.0458,124.0,0.04581,156.0
1753531715506,12:08:35.506,ACT/USDT:USDT,0.04579,3.0,0.04578,1826.0,0.0458,124.0,0.04581,156.0
1753531715776,12:08:35.776,ACT/USDT:USDT,0.04579,3.0,0.04578,1826.0,0.0458,124.0,0.04581,156.0
1753531716426,12:08:36.426,ACT/USDT:USDT,0.04579,3.0,0.04578,1826.0,0.0458,124.0,0.04581,156.0
1753531716557,12:08:36.557,ACT/USDT:USDT,0.04579,3.0,0.04578,1641.0,0.0458,135.0,0.04581,156.0
1753531718558,12:08:38.558,ACT/USDT:USDT,0.04579,3.0,0.04578,1.0,0.0458,330.0,0.04581,156.0
1753531718637,12:08:38.637,ACT/USDT:USDT,0.04578,1.0,0.04576,1.0,0.04579,121.0,0.0458,308.0
1753531718695,12:08:38.695,ACT/USDT:USDT,0.04578,1.0,0.04576,1.0,0.04579,123.0,0.0458,308.0
1753531718779,12:08:38.779,ACT/USDT:USDT,0.04578,1.0,0.04576,1.0,0.04579,112.0,0.0458,308.0
1753531719070,12:08:39.070,ACT/USDT:USDT,0.04578,1.0,0.04576,1.0,0.04579,296.0,0.0458,308.0
1753531719175,12:08:39.175,ACT/USDT:USDT,0.04576,1.0,0.04574,232.0,0.04578,1286.0,0.04579,296.0
1753531719273,12:08:39.273,ACT/USDT:USDT,0.04572,187.0,0.04571,187.0,0.04573,110.0,0.04576,184.0
1753531719372,12:08:39.372,ACT/USDT:USDT,0.0457,184.0,0.04569,184.0,0.04573,39.0,0.04575,16.0
1753531719466,12:08:39.466,ACT/USDT:USDT,0.0457,195.0,0.04569,184.0,0.04573,39.0,0.04575,55.0
1753531719571,12:08:39.571,ACT/USDT:USDT,0.0457,195.0,0.04569,184.0,0.04572,55.0,0.04573,94.0
1753531719643,12:08:39.643,ACT/USDT:USDT,0.0457,195.0,0.04569,184.0,0.04575,55.0,0.04576,184.0
1753531719769,12:08:39.769,ACT/USDT:USDT,0.0457,195.0,0.04569,184.0,0.04575,55.0,0.04576,184.0
1753531719963,12:08:39.963,ACT/USDT:USDT,0.0457,195.0,0.04569,184.0,0.04575,55.0,0.04576,184.0
1753531720140,12:08:40.140,ACT/USDT:USDT,0.04574,22.0,0.0457,249.0,0.04576,261.0,0.04577,11.0
1753531720322,12:08:40.322,ACT/USDT:USDT,0.04574,22.0,0.0457,249.0,0.04576,261.0,0.04577,11.0
1753531720750,12:08:40.750,ACT/USDT:USDT,0.04574,22.0,0.0457,249.0,0.04576,261.0,0.04577,11.0
1753531720909,12:08:40.909,ACT/USDT:USDT,0.04574,1122.0,0.04572,184.0,0.04576,261.0,0.04577,11.0
1753531721160,12:08:41.160,ACT/USDT:USDT,0.04574,1122.0,0.04571,184.0,0.04575,184.0,0.04576,261.0
1753531721262,12:08:41.262,ACT/USDT:USDT,0.0457,238.0,0.04569,185.0,0.04574,1122.0,0.04575,184.0
1753531721322,12:08:41.322,ACT/USDT:USDT,0.0457,238.0,0.04569,185.0,0.04573,16.0,0.04574,1122.0
1753531721446,12:08:41.446,ACT/USDT:USDT,0.0457,184.0,0.04569,185.0,0.04573,16.0,0.04574,1177.0
1753531721614,12:08:41.614,ACT/USDT:USDT,0.0457,184.0,0.04569,185.0,0.04573,16.0,0.04574,1177.0
1753531721875,12:08:41.875,ACT/USDT:USDT,0.0457,184.0,0.04569,185.0,0.04573,16.0,0.04574,1177.0
1753531721919,12:08:41.919,ACT/USDT:USDT,0.0457,184.0,0.04569,185.0,0.04573,16.0,0.04574,66.0
1753531722037,12:08:42.037,ACT/USDT:USDT,0.04571,110.0,0.0457,339.0,0.04574,261.0,0.04576,184.0
1753531722453,12:08:42.453,ACT/USDT:USDT,0.04571,110.0,0.0457,339.0,0.04574,261.0,0.04576,184.0
1753531724319,12:08:44.319,ACT/USDT:USDT,0.04571,110.0,0.0457,339.0,0.04574,261.0,0.04576,184.0
1753531724493,12:08:44.493,ACT/USDT:USDT,0.04571,110.0,0.0457,339.0,0.04574,261.0,0.04576,184.0
1753531724984,12:08:44.984,ACT/USDT:USDT,0.04571,110.0,0.0457,339.0,0.04574,261.0,0.04576,184.0
1753531726338,12:08:46.338,ACT/USDT:USDT,0.04571,110.0,0.0457,339.0,0.04574,261.0,0.04576,184.0
1753531726390,12:08:46.390,ACT/USDT:USDT,0.04571,110.0,0.0457,339.0,0.04574,261.0,0.04576,184.0
1753531727148,12:08:47.148,ACT/USDT:USDT,0.04571,110.0,0.0457,339.0,0.04574,261.0,0.04576,184.0
1753531727240,12:08:47.240,ACT/USDT:USDT,0.04571,110.0,0.0457,339.0,0.04574,261.0,0.04576,184.0
1753531727362,12:08:47.362,ACT/USDT:USDT,0.0457,184.0,0.04569,185.0,0.04574,261.0,0.04576,184.0
1753531727452,12:08:47.452,ACT/USDT:USDT,0.0457,184.0,0.04569,340.0,0.04574,261.0,0.04576,184.0
1753531727661,12:08:47.661,ACT/USDT:USDT,0.04572,110.0,0.04571,321.0,0.04574,11.0,0.04575,55.0
1753531727720,12:08:47.720,ACT/USDT:USDT,0.04572,110.0,0.04571,321.0,0.04574,11.0,0.04575,55.0
1753531728543,12:08:48.543,ACT/USDT:USDT,0.04572,110.0,0.04571,321.0,0.04574,11.0,0.04575,55.0
1753531729072,12:08:49.072,ACT/USDT:USDT,0.0457,339.0,0.04569,340.0,0.04574,11.0,0.04575,55.0
1753531729083,12:08:49.083,ACT/USDT:USDT,0.0457,339.0,0.04569,340.0,0.04574,11.0,0.04575,55.0
1753531729344,12:08:49.344,ACT/USDT:USDT,0.04572,110.0,0.04571,299.0,0.04574,11.0,0.04575,66.0
1753531729432,12:08:49.432,ACT/USDT:USDT,0.04572,110.0,0.04571,299.0,0.04574,11.0,0.04575,66.0
1753531729722,12:08:49.722,ACT/USDT:USDT,0.04572,110.0,0.04571,299.0,0.04574,11.0,0.04575,66.0
1753531730765,12:08:50.765,ACT/USDT:USDT,0.04572,110.0,0.04571,310.0,0.04574,11.0,0.04575,66.0
1753531731506,12:08:51.506,ACT/USDT:USDT,0.04572,110.0,0.04571,310.0,0.04575,55.0,0.04576,184.0
1753531731667,12:08:51.667,ACT/USDT:USDT,0.04572,110.0,0.04571,310.0,0.04575,77.0,0.04576,184.0
1753531731818,12:08:51.818,ACT/USDT:USDT,0.04572,110.0,0.04571,310.0,0.04575,77.0,0.04576,184.0
1753531731975,12:08:51.975,ACT/USDT:USDT,0.04572,110.0,0.04571,299.0,0.04575,77.0,0.04576,184.0
1753531732132,12:08:52.132,ACT/USDT:USDT,0.04572,110.0,0.04571,299.0,0.04575,77.0,0.04576,184.0
1753531732284,12:08:52.284,ACT/USDT:USDT,0.04572,110.0,0.04571,299.0,0.04575,77.0,0.04576,184.0
1753531732439,12:08:52.439,ACT/USDT:USDT,0.04572,110.0,0.04571,299.0,0.04575,77.0,0.04576,184.0
1753531732640,12:08:52.640,ACT/USDT:USDT,0.04572,110.0,0.04571,299.0,0.04575,77.0,0.04576,184.0
1753531732746,12:08:52.746,ACT/USDT:USDT,0.04572,110.0,0.04571,299.0,0.04575,77.0,0.04576,184.0
1753531733626,12:08:53.626,ACT/USDT:USDT,0.04572,110.0,0.04571,299.0,0.04575,77.0,0.04576,184.0
1753531734620,12:08:54.620,ACT/USDT:USDT,0.04572,110.0,0.04571,299.0,0.04575,77.0,0.04576,184.0
1753531738461,12:08:58.461,ACT/USDT:USDT,0.04571,110.0,0.0457,338.0,0.04575,66.0,0.04576,184.0
1753531738559,12:08:58.559,ACT/USDT:USDT,0.04573,110.0,0.04572,290.0,0.04575,66.0,0.04576,184.0
1753531738619,12:08:58.619,ACT/USDT:USDT,0.04573,110.0,0.04572,290.0,0.04575,55.0,0.04576,184.0
1753531738685,12:08:58.685,ACT/USDT:USDT,0.04573,110.0,0.04572,290.0,0.04575,55.0,0.04576,184.0
1753531738984,12:08:58.984,ACT/USDT:USDT,0.04573,660.0,0.04572,290.0,0.04575,55.0,0.04576,184.0
1753531739510,12:08:59.510,ACT/USDT:USDT,0.04573,660.0,0.04572,290.0,0.04575,55.0,0.04576,184.0
1753531739929,12:08:59.929,ACT/USDT:USDT,0.04573,660.0,0.04572,290.0,0.04575,55.0,0.04576,184.0
1753531740201,12:09:00.201,ACT/USDT:USDT,0.04573,660.0,0.04572,290.0,0.04575,55.0,0.04576,184.0
1753531741275,12:09:01.275,ACT/USDT:USDT,0.04573,550.0,0.04572,180.0,0.04575,66.0,0.04576,184.0
1753531741298,12:09:01.298,ACT/USDT:USDT,0.04573,550.0,0.04572,334.0,0.04575,77.0,0.04576,184.0
1753531742743,12:09:02.743,ACT/USDT:USDT,0.04573,550.0,0.04572,334.0,0.04575,77.0,0.04576,184.0
1753531743338,12:09:03.338,ACT/USDT:USDT,0.04573,550.0,0.04572,334.0,0.04575,77.0,0.04576,184.0
1753531743498,12:09:03.498,ACT/USDT:USDT,0.04573,550.0,0.04572,334.0,0.04575,55.0,0.04576,184.0
1753531743655,12:09:03.655,ACT/USDT:USDT,0.04573,550.0,0.04572,334.0,0.04575,55.0,0.04576,184.0
1753531745218,12:09:05.218,ACT/USDT:USDT,0.04573,550.0,0.04572,334.0,0.04575,55.0,0.04576,184.0
1753531745312,12:09:05.312,ACT/USDT:USDT,0.04573,550.0,0.04572,334.0,0.04575,55.0,0.04576,184.0
1753531745821,12:09:05.821,ACT/USDT:USDT,0.04573,550.0,0.04572,334.0,0.04575,55.0,0.04576,184.0
1753531745916,12:09:05.916,ACT/USDT:USDT,0.04573,550.0,0.04572,334.0,0.04575,55.0,0.04576,184.0
1753531746042,12:09:06.042,ACT/USDT:USDT,0.04573,550.0,0.04572,334.0,0.04575,66.0,0.04576,184.0
1753531748469,12:09:08.469,ACT/USDT:USDT,0.04573,550.0,0.04572,334.0,0.04575,55.0,0.04576,184.0
1753531748480,12:09:08.480,ACT/USDT:USDT,0.04573,561.0,0.04572,334.0,0.04575,55.0,0.04576,184.0
1753531748969,12:09:08.969,ACT/USDT:USDT,0.04573,550.0,0.04572,334.0,0.04577,197.0,0.04578,1264.0
1753531749019,12:09:09.019,ACT/USDT:USDT,0.04574,110.0,0.04573,704.0,0.04576,11.0,0.04577,251.0
1753531749078,12:09:09.078,ACT/USDT:USDT,0.04574,110.0,0.04573,704.0,0.04576,11.0,0.04577,251.0
1753531749371,12:09:09.371,ACT/USDT:USDT,0.04574,110.0,0.04573,704.0,0.04576,11.0,0.04577,251.0
1753531749793,12:09:09.793,ACT/USDT:USDT,0.04574,110.0,0.04573,704.0,0.04576,11.0,0.04577,251.0
1753531750221,12:09:10.221,ACT/USDT:USDT,0.04574,110.0,0.04573,704.0,0.04576,11.0,0.04577,251.0
1753531750968,12:09:10.968,ACT/USDT:USDT,0.04573,704.0,0.04572,334.0,0.04576,192.0,0.04577,251.0
1753531751058,12:09:11.058,ACT/USDT:USDT,0.04573,704.0,0.04572,334.0,0.04576,203.0,0.04577,251.0
1753531751134,12:09:11.134,ACT/USDT:USDT,0.04573,704.0,0.04572,334.0,0.04576,257.0,0.04577,197.0
1753531751229,12:09:11.229,ACT/USDT:USDT,0.04573,550.0,0.04572,334.0,0.04576,257.0,0.04577,197.0
1753531751863,12:09:11.863,ACT/USDT:USDT,0.04573,550.0,0.04572,334.0,0.04576,257.0,0.04577,197.0
1753531752538,12:09:12.538,ACT/USDT:USDT,0.04573,550.0,0.04572,180.0,0.04576,257.0,0.04577,197.0
1753531752638,12:09:12.638,ACT/USDT:USDT,0.04573,550.0,0.04572,154.0,0.04576,257.0,0.04577,197.0
1753531753864,12:09:13.864,ACT/USDT:USDT,0.04573,550.0,0.04572,154.0,0.04576,257.0,0.04577,197.0
1753531753879,12:09:13.879,ACT/USDT:USDT,0.04573,550.0,0.04572,154.0,0.04576,257.0,0.04577,197.0
1753531754540,12:09:14.540,ACT/USDT:USDT,0.04573,550.0,0.04572,154.0,0.04575,203.0,0.04576,235.0
1753531754765,12:09:14.765,ACT/USDT:USDT,0.04573,550.0,0.04572,154.0,0.04575,257.0,0.04576,181.0
1753531755843,12:09:15.843,ACT/USDT:USDT,0.04573,550.0,0.04572,154.0,0.04575,257.0,0.04576,181.0
1753531756765,12:09:16.765,ACT/USDT:USDT,0.04573,550.0,0.04572,154.0,0.04575,257.0,0.04576,181.0
1753531756869,12:09:16.869,ACT/USDT:USDT,0.04573,550.0,0.04572,154.0,0.04575,203.0,0.04576,181.0
1753531759690,12:09:19.690,ACT/USDT:USDT,0.04573,550.0,0.04572,154.0,0.04575,203.0,0.04576,181.0
1753531760452,12:09:20.452,ACT/USDT:USDT,0.04573,550.0,0.0457,238.0,0.04574,208.0,0.04575,181.0
1753531760550,12:09:20.550,ACT/USDT:USDT,0.04573,550.0,0.04571,154.0,0.04574,208.0,0.04575,181.0
1753531760656,12:09:20.656,ACT/USDT:USDT,0.04573,550.0,0.04571,154.0,0.04574,208.0,0.04575,181.0
1753531760805,12:09:20.805,ACT/USDT:USDT,0.04573,550.0,0.04571,154.0,0.04574,208.0,0.04575,181.0
1753531761221,12:09:21.221,ACT/USDT:USDT,0.04573,550.0,0.04571,154.0,0.04574,208.0,0.04575,181.0
1753531761644,12:09:21.644,ACT/USDT:USDT,0.04573,550.0,0.04571,154.0,0.04574,208.0,0.04575,181.0
1753531763026,12:09:23.026,ACT/USDT:USDT,0.04573,550.0,0.04571,154.0,0.04574,197.0,0.04575,181.0
1753531764672,12:09:24.672,ACT/USDT:USDT,0.04571,154.0,0.0457,54.0,0.04573,550.0,0.04574,197.0
1753531764746,12:09:24.746,ACT/USDT:USDT,0.04569,338.0,0.04568,238.0,0.04573,572.0,0.04574,186.0
1753531764852,12:09:24.852,ACT/USDT:USDT,0.04569,338.0,0.04568,238.0,0.04573,572.0,0.04574,186.0
1753531765062,12:09:25.062,ACT/USDT:USDT,0.04569,349.0,0.04568,391.0,0.04572,16.0,0.04573,561.0
1753531765080,12:09:25.080,ACT/USDT:USDT,0.04569,349.0,0.04568,391.0,0.04572,16.0,0.04573,561.0
1753531765212,12:09:25.212,ACT/USDT:USDT,0.04569,338.0,0.04568,337.0,0.04572,27.0,0.04573,550.0
1753531765334,12:09:25.334,ACT/USDT:USDT,0.04569,338.0,0.04568,337.0,0.04572,27.0,0.04573,550.0
1753531765667,12:09:25.667,ACT/USDT:USDT,0.04569,338.0,0.04568,337.0,0.04572,27.0,0.04573,550.0
1753531765762,12:09:25.762,ACT/USDT:USDT,0.0457,110.0,0.04569,338.0,0.04572,38.0,0.04573,550.0
1753531766128,12:09:26.128,ACT/USDT:USDT,0.0457,110.0,0.04569,338.0,0.04572,38.0,0.04573,550.0
1753531766545,12:09:26.545,ACT/USDT:USDT,0.0457,110.0,0.04569,338.0,0.04572,38.0,0.04573,550.0
1753531767638,12:09:27.638,ACT/USDT:USDT,0.04569,1.0,0.04568,1987.0,0.04572,221.0,0.04573,604.0
1753531767765,12:09:27.765,ACT/USDT:USDT,0.04569,1.0,0.04568,1987.0,0.04572,221.0,0.04573,604.0
1753531767959,12:09:27.959,ACT/USDT:USDT,0.04569,1.0,0.04568,337.0,0.04572,221.0,0.04573,604.0
1753531768066,12:09:28.066,ACT/USDT:USDT,0.04569,1.0,0.04568,153.0,0.04572,221.0,0.04573,604.0
1753531768592,12:09:28.592,ACT/USDT:USDT,0.04569,1.0,0.04568,153.0,0.04572,221.0,0.04573,604.0
1753531769298,12:09:29.298,ACT/USDT:USDT,0.04569,1.0,0.04568,153.0,0.04572,221.0,0.04573,604.0
1753531772873,12:09:32.873,ACT/USDT:USDT,0.04569,1.0,0.04568,153.0,0.04571,183.0,0.04572,221.0
1753531772948,12:09:32.948,ACT/USDT:USDT,0.04569,1.0,0.04568,153.0,0.04571,22.0,0.04572,264.0
1753531773067,12:09:33.067,ACT/USDT:USDT,0.04569,1.0,0.04568,153.0,0.04571,205.0,0.04572,264.0
1753531773174,12:09:33.174,ACT/USDT:USDT,0.04569,1.0,0.04568,153.0,0.04571,205.0,0.04572,264.0
1753531773272,12:09:33.272,ACT/USDT:USDT,0.04569,1.0,0.04568,153.0,0.0457,183.0,0.04571,205.0
1753531773367,12:09:33.367,ACT/USDT:USDT,0.04569,1.0,0.04568,153.0,0.0457,1285.0,0.04571,205.0
1753531773458,12:09:33.458,ACT/USDT:USDT,0.04569,1.0,0.04567,1.0,0.0457,1285.0,0.04571,205.0
1753531773556,12:09:33.556,ACT/USDT:USDT,0.04569,1.0,0.04567,1.0,0.0457,1285.0,0.04571,205.0
1753531773638,12:09:33.638,ACT/USDT:USDT,0.04569,1.0,0.04567,1.0,0.0457,1285.0,0.04571,205.0
1753531773762,12:09:33.762,ACT/USDT:USDT,0.04569,1.0,0.04567,1.0,0.0457,1285.0,0.04571,259.0
1753531773971,12:09:33.971,ACT/USDT:USDT,0.04569,1.0,0.04567,1.0,0.0457,1285.0,0.04571,259.0
1753531774027,12:09:34.027,ACT/USDT:USDT,0.04569,1.0,0.04567,1.0,0.0457,1285.0,0.04571,259.0
1753531774415,12:09:34.415,ACT/USDT:USDT,0.04569,1.0,0.04567,1.0,0.0457,1285.0,0.04571,259.0
1753531774558,12:09:34.558,ACT/USDT:USDT,0.04569,1.0,0.04567,1.0,0.0457,11.0,0.04571,259.0
1753531774653,12:09:34.653,ACT/USDT:USDT,0.04569,1.0,0.04567,154.0,0.0457,11.0,0.04571,259.0
1753531774767,12:09:34.767,ACT/USDT:USDT,0.04569,1.0,0.04567,1.0,0.04571,65.0,0.04572,199.0
1753531774846,12:09:34.846,ACT/USDT:USDT,0.04569,1.0,0.04567,154.0,0.04571,22.0,0.04572,253.0
1753531774941,12:09:34.941,ACT/USDT:USDT,0.04567,337.0,0.04566,237.0,0.04571,1080.0,0.04572,253.0
1753531775041,12:09:35.041,ACT/USDT:USDT,0.04567,348.0,0.04566,390.0,0.0457,16.0,0.04571,1080.0
1753531775082,12:09:35.082,ACT/USDT:USDT,0.04567,337.0,0.04566,390.0,0.0457,27.0,0.04571,1080.0
1753531775272,12:09:35.272,ACT/USDT:USDT,0.04567,337.0,0.04566,390.0,0.0457,27.0,0.04571,1134.0
1753531775334,12:09:35.334,ACT/USDT:USDT,0.04567,337.0,0.04566,336.0,0.0457,16.0,0.04571,1134.0
1753531775403,12:09:35.403,ACT/USDT:USDT,0.04567,337.0,0.04566,336.0,0.0457,27.0,0.04571,1134.0
1753531776058,12:09:36.058,ACT/USDT:USDT,0.04567,184.0,0.04566,183.0,0.0457,1118.0,0.04571,1134.0
1753531776086,12:09:36.086,ACT/USDT:USDT,0.04567,184.0,0.04566,183.0,0.0457,1118.0,0.04571,1134.0
1753531776258,12:09:36.258,ACT/USDT:USDT,0.04567,184.0,0.04566,336.0,0.0457,27.0,0.04571,1134.0
1753531776340,12:09:36.340,ACT/USDT:USDT,0.04567,206.0,0.04566,336.0,0.0457,16.0,0.04571,1134.0
1753531776474,12:09:36.474,ACT/USDT:USDT,0.04567,1286.0,0.04566,336.0,0.04573,550.0,0.04574,186.0
1753531776574,12:09:36.574,ACT/USDT:USDT,0.04569,48.0,0.04568,14.0,0.04572,24.0,0.04573,550.0
1753531776668,12:09:36.668,ACT/USDT:USDT,0.04571,110.0,0.0457,110.0,0.04572,13.0,0.04573,561.0
1753531776750,12:09:36.750,ACT/USDT:USDT,0.04571,110.0,0.0457,110.0,0.04572,13.0,0.04573,561.0
1753531776784,12:09:36.784,ACT/USDT:USDT,0.04571,110.0,0.0457,110.0,0.04572,13.0,0.04573,561.0
1753531776945,12:09:36.945,ACT/USDT:USDT,0.04571,110.0,0.0457,110.0,0.04572,13.0,0.04573,561.0
1753531777075,12:09:37.075,ACT/USDT:USDT,0.04571,257.0,0.0457,110.0,0.04572,13.0,0.04573,561.0
1753531777173,12:09:37.173,ACT/USDT:USDT,0.04571,257.0,0.0457,110.0,0.04572,13.0,0.04576,181.0
1753531777182,12:09:37.182,ACT/USDT:USDT,0.04571,257.0,0.0457,110.0,0.04572,11.0,0.04576,181.0
1753531777432,12:09:37.432,ACT/USDT:USDT,0.04571,257.0,0.0457,110.0,0.04572,11.0,0.04576,181.0
1753531777906,12:09:37.906,ACT/USDT:USDT,0.04571,257.0,0.0457,110.0,0.04572,11.0,0.04576,181.0
1753531778118,12:09:38.118,ACT/USDT:USDT,0.04571,257.0,0.0457,110.0,0.04573,2182.0,0.04576,181.0
1753531778189,12:09:38.189,ACT/USDT:USDT,0.04571,257.0,0.0457,124.0,0.04573,2182.0,0.04576,181.0
1753531778355,12:09:38.355,ACT/USDT:USDT,0.04571,257.0,0.0457,124.0,0.04573,2182.0,0.04576,181.0
1753531778641,12:09:38.641,ACT/USDT:USDT,0.04571,257.0,0.0457,124.0,0.04573,2171.0,0.04574,11.0
1753531778821,12:09:38.821,ACT/USDT:USDT,0.04571,257.0,0.0457,124.0,0.04573,2182.0,0.04574,11.0
1753531779367,12:09:39.367,ACT/USDT:USDT,0.04571,257.0,0.0457,124.0,0.04574,200.0,0.04577,181.0
1753531779470,12:09:39.470,ACT/USDT:USDT,0.04572,110.0,0.04571,257.0,0.04574,2171.0,0.04576,189.0
1753531779570,12:09:39.570,ACT/USDT:USDT,0.04572,110.0,0.04571,257.0,0.04574,2171.0,0.04576,189.0
1753531779674,12:09:39.674,ACT/USDT:USDT,0.04572,110.0,0.04571,257.0,0.04574,2171.0,0.04576,189.0
1753531779934,12:09:39.934,ACT/USDT:USDT,0.04572,110.0,0.04571,257.0,0.04574,2171.0,0.04576,189.0
1753531780155,12:09:40.155,ACT/USDT:USDT,0.04572,110.0,0.04571,257.0,0.04574,2171.0,0.04575,11.0
1753531780579,12:09:40.579,ACT/USDT:USDT,0.04572,110.0,0.04571,257.0,0.04574,2171.0,0.04575,11.0
1753531780914,12:09:40.914,ACT/USDT:USDT,0.04572,110.0,0.04571,257.0,0.04574,2171.0,0.04575,11.0
1753531781058,12:09:41.058,ACT/USDT:USDT,0.04572,110.0,0.04571,257.0,0.04574,1091.0,0.04576,189.0
1753531781658,12:09:41.658,ACT/USDT:USDT,0.04572,110.0,0.04571,257.0,0.04575,1091.0,0.04577,181.0
1753531781772,12:09:41.772,ACT/USDT:USDT,0.04573,110.0,0.04572,110.0,0.04574,2.0,0.04575,1091.0
1753531781828,12:09:41.828,ACT/USDT:USDT,0.04573,110.0,0.04572,110.0,0.04574,13.0,0.04575,1091.0
1753531781879,12:09:41.879,ACT/USDT:USDT,0.04573,110.0,0.04572,110.0,0.04574,2.0,0.04575,1091.0
1753531782070,12:09:42.070,ACT/USDT:USDT,0.04573,110.0,0.04572,121.0,0.04574,2.0,0.04575,11.0
1753531782164,12:09:42.164,ACT/USDT:USDT,0.04573,110.0,0.04572,132.0,0.04574,2.0,0.04577,181.0
1753531782356,12:09:42.356,ACT/USDT:USDT,0.04573,110.0,0.04572,124.0,0.04577,183.0,0.04578,1264.0
1753531782419,12:09:42.419,ACT/USDT:USDT,0.04573,110.0,0.04572,124.0,0.04576,200.0,0.04577,183.0
1753531782581,12:09:42.581,ACT/USDT:USDT,0.04573,110.0,0.04572,124.0,0.04576,200.0,0.04577,183.0
1753531783162,12:09:43.162,ACT/USDT:USDT,0.04573,110.0,0.04572,313.0,0.04576,200.0,0.04577,183.0
1753531783264,12:09:43.264,ACT/USDT:USDT,0.04573,110.0,0.04572,313.0,0.04576,211.0,0.04577,183.0
1753531783360,12:09:43.360,ACT/USDT:USDT,0.04572,14.0,0.04571,202.0,0.04575,189.0,0.04576,211.0
1753531783473,12:09:43.473,ACT/USDT:USDT,0.04571,355.0,0.0457,203.0,0.04575,189.0,0.04576,211.0
1753531783724,12:09:43.724,ACT/USDT:USDT,0.04571,300.0,0.0457,203.0,0.04575,189.0,0.04576,211.0
1753531783812,12:09:43.812,ACT/USDT:USDT,0.04571,300.0,0.0457,356.0,0.04575,189.0,0.04576,211.0
1753531783924,12:09:43.924,ACT/USDT:USDT,0.04571,300.0,0.0457,356.0,0.04575,189.0,0.04576,211.0
1753531786106,12:09:46.106,ACT/USDT:USDT,0.04571,300.0,0.0457,356.0,0.04575,189.0,0.04576,211.0
1753531786262,12:09:46.262,ACT/USDT:USDT,0.04571,322.0,0.0457,356.0,0.04575,189.0,0.04576,211.0
1753531786419,12:09:46.419,ACT/USDT:USDT,0.04571,322.0,0.0457,356.0,0.04575,189.0,0.04576,211.0
1753531786839,12:09:46.839,ACT/USDT:USDT,0.04571,322.0,0.0457,356.0,0.04575,189.0,0.04576,211.0
1753531787816,12:09:47.816,ACT/USDT:USDT,0.04571,322.0,0.0457,356.0,0.04576,211.0,0.04577,183.0
1753531788658,12:09:48.658,ACT/USDT:USDT,0.04571,322.0,0.0457,2028.0,0.04576,211.0,0.04577,183.0
1753531788679,12:09:48.679,ACT/USDT:USDT,0.04571,322.0,0.0457,2028.0,0.04576,211.0,0.04577,183.0
1753531788803,12:09:48.803,ACT/USDT:USDT,0.04571,322.0,0.0457,2028.0,0.04576,211.0,0.04577,183.0
1753531788887,12:09:48.887,ACT/USDT:USDT,0.04571,322.0,0.0457,2028.0,0.04576,211.0,0.04577,183.0
1753531789258,12:09:49.258,ACT/USDT:USDT,0.04571,147.0,0.0457,203.0,0.04574,1102.0,0.04575,1265.0
1753531789305,12:09:49.305,ACT/USDT:USDT,0.04571,147.0,0.0457,356.0,0.04573,24.0,0.04574,1091.0
1753531789401,12:09:49.401,ACT/USDT:USDT,0.04571,147.0,0.0457,356.0,0.04573,13.0,0.04575,1265.0
1753531789486,12:09:49.486,ACT/USDT:USDT,0.04571,147.0,0.0457,356.0,0.04573,11.0,0.04574,2.0
1753531789718,12:09:49.718,ACT/USDT:USDT,0.04571,147.0,0.0457,356.0,0.04574,13.0,0.04575,1265.0
1753531789779,12:09:49.779,ACT/USDT:USDT,0.04571,147.0,0.0457,356.0,0.04574,24.0,0.04575,1265.0
1753531790124,12:09:50.124,ACT/USDT:USDT,0.04571,147.0,0.0457,356.0,0.04574,24.0,0.04575,1265.0
1753531790946,12:09:50.946,ACT/USDT:USDT,0.04571,147.0,0.0457,356.0,0.04574,24.0,0.04575,1265.0
1753531791250,12:09:51.250,ACT/USDT:USDT,0.04571,147.0,0.0457,356.0,0.04574,25.0,0.04575,1265.0
1753531791770,12:09:51.770,ACT/USDT:USDT,0.04571,147.0,0.0457,356.0,0.04574,25.0,0.04575,1265.0
1753531794458,12:09:54.458,ACT/USDT:USDT,0.04571,147.0,0.0457,356.0,0.04574,25.0,0.04575,1265.0
1753531796059,12:09:56.059,ACT/USDT:USDT,0.04573,110.0,0.04572,153.0,0.04574,3.0,0.04575,1287.0
1753531796210,12:09:56.210,ACT/USDT:USDT,0.04573,110.0,0.04572,153.0,0.04574,3.0,0.04575,1287.0
1753531796658,12:09:56.658,ACT/USDT:USDT,0.04573,110.0,0.04572,153.0,0.04574,3.0,0.04575,1287.0
1753531798458,12:09:58.458,ACT/USDT:USDT,0.04573,110.0,0.04572,153.0,0.04574,3.0,0.04575,1276.0
1753531800358,12:10:00.358,ACT/USDT:USDT,0.04573,110.0,0.04572,173.0,0.04574,3.0,0.04575,1091.0
1753531800464,12:10:00.464,ACT/USDT:USDT,0.04573,110.0,0.04572,177.0,0.04574,3.0,0.04575,1091.0
1753531800681,12:10:00.681,ACT/USDT:USDT,0.04573,110.0,0.04572,177.0,0.04574,3.0,0.04575,1091.0
1753531802158,12:10:02.158,ACT/USDT:USDT,0.04573,110.0,0.04572,177.0,0.04574,3.0,0.04576,188.0
1753531802275,12:10:02.275,ACT/USDT:USDT,0.04573,120.0,0.04572,375.0,0.04574,1.0,0.04577,183.0
1753531802347,12:10:02.347,ACT/USDT:USDT,0.04573,110.0,0.04572,375.0,0.04574,1.0,0.04577,183.0
1753531802618,12:10:02.618,ACT/USDT:USDT,0.04573,298.0,0.04572,375.0,0.04574,1.0,0.04577,183.0
1753531802678,12:10:02.678,ACT/USDT:USDT,0.04573,298.0,0.04572,375.0,0.04574,1.0,0.04577,183.0
1753531802784,12:10:02.784,ACT/USDT:USDT,0.04573,298.0,0.04572,375.0,0.04574,1.0,0.04577,183.0
1753531803367,12:10:03.367,ACT/USDT:USDT,0.04573,110.0,0.04572,355.0,0.04574,1.0,0.04577,183.0
1753531803381,12:10:03.381,ACT/USDT:USDT,0.04573,110.0,0.04572,355.0,0.04574,1.0,0.04575,20.0
1753531803610,12:10:03.610,ACT/USDT:USDT,0.04573,110.0,0.04572,365.0,0.04574,1.0,0.04577,183.0
1753531804016,12:10:04.016,ACT/USDT:USDT,0.04573,110.0,0.04572,365.0,0.04574,1.0,0.04577,183.0
1753531804855,12:10:04.855,ACT/USDT:USDT,0.04573,110.0,0.04572,365.0,0.04574,1.0,0.04577,183.0
1753531806058,12:10:06.058,ACT/USDT:USDT,0.04573,110.0,0.04572,365.0,0.04574,1.0,0.04575,10.0
1753531806151,12:10:06.151,ACT/USDT:USDT,0.04573,110.0,0.04572,375.0,0.04574,1.0,0.04577,183.0
1753531806238,12:10:06.238,ACT/USDT:USDT,0.04573,110.0,0.04572,375.0,0.04574,1.0,0.04577,183.0
1753531806935,12:10:06.935,ACT/USDT:USDT,0.04573,110.0,0.04572,375.0,0.04574,1.0,0.04577,183.0
1753531807239,12:10:07.239,ACT/USDT:USDT,0.04573,110.0,0.04572,375.0,0.04574,1.0,0.04577,183.0
1753531808863,12:10:08.863,ACT/USDT:USDT,0.04573,110.0,0.04572,375.0,0.04574,1.0,0.04577,183.0
1753531810468,12:10:10.468,ACT/USDT:USDT,0.04573,298.0,0.04572,375.0,0.04574,1.0,0.04577,183.0
1753531810571,12:10:10.571,ACT/USDT:USDT,0.04573,298.0,0.04572,375.0,0.04574,1.0,0.04577,2.0
1753531810630,12:10:10.630,ACT/USDT:USDT,0.04573,298.0,0.04572,375.0,0.04574,1.0,0.04577,2.0
1753531811056,12:10:11.056,ACT/USDT:USDT,0.04573,110.0,0.04572,375.0,0.04574,1.0,0.04577,2.0
1753531811822,12:10:11.822,ACT/USDT:USDT,0.04573,110.0,0.04572,375.0,0.04574,1.0,0.04577,2.0
1753531812202,12:10:12.202,ACT/USDT:USDT,0.04573,110.0,0.04572,365.0,0.04574,1.0,0.04577,2.0
1753531812522,12:10:12.522,ACT/USDT:USDT,0.04573,110.0,0.04572,375.0,0.04574,1.0,0.04577,2.0
1753531814873,12:10:14.873,ACT/USDT:USDT,0.04573,110.0,0.04572,365.0,0.04574,1.0,0.04577,2.0
1753531814881,12:10:14.881,ACT/USDT:USDT,0.04573,110.0,0.04572,355.0,0.04574,1.0,0.04575,10.0
1753531814980,12:10:14.980,ACT/USDT:USDT,0.04573,110.0,0.04572,365.0,0.04574,1.0,0.04577,2.0
1753531817639,12:10:17.639,ACT/USDT:USDT,0.04573,110.0,0.04572,365.0,0.04574,1.0,0.04577,2.0
1753531817849,12:10:17.849,ACT/USDT:USDT,0.04573,110.0,0.04572,365.0,0.04574,1.0,0.04577,2.0
1753531822538,12:10:22.538,ACT/USDT:USDT,0.04573,110.0,0.04572,375.0,0.04574,1.0,0.04577,2.0
1753531822587,12:10:22.587,ACT/USDT:USDT,0.04573,110.0,0.04572,375.0,0.04574,1.0,0.04577,1.0
1753531824503,12:10:24.503,ACT/USDT:USDT,0.04573,110.0,0.04572,365.0,0.04574,1.0,0.04577,1.0
1753531825281,12:10:25.281,ACT/USDT:USDT,0.04573,110.0,0.04572,375.0,0.04574,1.0,0.04577,1.0
1753531826018,12:10:26.018,ACT/USDT:USDT,0.04573,110.0,0.04572,375.0,0.04574,1.0,0.04577,1.0
1753531826768,12:10:26.768,ACT/USDT:USDT,0.04573,110.0,0.04572,375.0,0.04574,1.0,0.04577,1.0
1753531828071,12:10:28.071,ACT/USDT:USDT,0.04573,110.0,0.04572,375.0,0.04574,1.0,0.04577,1.0
1753531828359,12:10:28.359,ACT/USDT:USDT,0.04573,110.0,0.04572,429.0,0.04574,1.0,0.04577,1.0
1753531829218,12:10:29.218,ACT/USDT:USDT,0.04573,110.0,0.04572,429.0,0.04574,1.0,0.04577,1.0
1753531833129,12:10:33.129,ACT/USDT:USDT,0.04573,151.0,0.04572,429.0,0.04574,1.0,0.04577,1.0
1753531833616,12:10:33.616,ACT/USDT:USDT,0.04573,151.0,0.04572,409.0,0.04574,1.0,0.04575,10.0
1753531833765,12:10:33.765,ACT/USDT:USDT,0.04573,41.0,0.04572,221.0,0.04574,11.0,0.04575,20.0
1753531833778,12:10:33.778,ACT/USDT:USDT,0.04573,41.0,0.04572,221.0,0.04574,11.0,0.04575,20.0
1753531834039,12:10:34.039,ACT/USDT:USDT,0.04573,41.0,0.04572,167.0,0.04574,11.0,0.04575,20.0
1753531834094,12:10:34.094,ACT/USDT:USDT,0.04573,41.0,0.04572,167.0,0.04574,1.0,0.04575,20.0
1753531834720,12:10:34.720,ACT/USDT:USDT,0.04573,41.0,0.04572,167.0,0.04574,11.0,0.04575,20.0
1753531834998,12:10:34.998,ACT/USDT:USDT,0.04573,41.0,0.04572,167.0,0.04574,11.0,0.04575,20.0
1753531835079,12:10:35.079,ACT/USDT:USDT,0.04573,41.0,0.04572,167.0,0.04574,11.0,0.04575,20.0
1753531835241,12:10:35.241,ACT/USDT:USDT,0.04573,41.0,0.04572,167.0,0.04574,21.0,0.04575,20.0
1753531835470,12:10:35.470,ACT/USDT:USDT,0.04573,41.0,0.04572,167.0,0.04574,1.0,0.04575,20.0
1753531835478,12:10:35.478,ACT/USDT:USDT,0.04573,151.0,0.04572,167.0,0.04574,1.0,0.04575,20.0
1753531835588,12:10:35.588,ACT/USDT:USDT,0.04573,151.0,0.04572,153.0,0.04574,11.0,0.04575,20.0
1753531835684,12:10:35.684,ACT/USDT:USDT,0.04573,151.0,0.04572,153.0,0.04574,21.0,0.04575,20.0
1753531836598,12:10:36.598,ACT/USDT:USDT,0.04573,151.0,0.04572,153.0,0.04574,21.0,0.04575,20.0
1753531837044,12:10:37.044,ACT/USDT:USDT,0.04573,41.0,0.04572,153.0,0.04574,21.0,0.04575,20.0
1753531837174,12:10:37.174,ACT/USDT:USDT,0.04572,153.0,0.04571,158.0,0.04574,202.0,0.04575,20.0
1753531837272,12:10:37.272,ACT/USDT:USDT,0.04571,301.0,0.0457,154.0,0.04574,202.0,0.04575,20.0
1753531837360,12:10:37.360,ACT/USDT:USDT,0.04572,11.0,0.04571,301.0,0.04573,21.0,0.04574,202.0
1753531837390,12:10:37.390,ACT/USDT:USDT,0.04572,11.0,0.04571,301.0,0.04573,21.0,0.04574,202.0
1753531837832,12:10:37.832,ACT/USDT:USDT,0.04572,11.0,0.04571,301.0,0.04573,21.0,0.04574,202.0
1753531838365,12:10:38.365,ACT/USDT:USDT,0.04572,11.0,0.04571,301.0,0.04573,21.0,0.04574,202.0
1753531839831,12:10:39.831,ACT/USDT:USDT,0.04572,11.0,0.04571,147.0,0.04573,202.0,0.04574,202.0
1753531839933,12:10:39.933,ACT/USDT:USDT,0.04572,11.0,0.04571,147.0,0.04573,202.0,0.04574,202.0
1753531840804,12:10:40.804,ACT/USDT:USDT,0.04572,11.0,0.04571,147.0,0.04573,202.0,0.04574,202.0
1753531840878,12:10:40.878,ACT/USDT:USDT,0.04572,11.0,0.04571,147.0,0.04573,202.0,0.04574,202.0
1753531841753,12:10:41.753,ACT/USDT:USDT,0.04572,11.0,0.04571,147.0,0.04573,192.0,0.04574,202.0
1753531841846,12:10:41.846,ACT/USDT:USDT,0.04572,11.0,0.04571,147.0,0.04573,1.0,0.04574,192.0
1753531841915,12:10:41.915,ACT/USDT:USDT,0.04572,11.0,0.04571,301.0,0.04573,1.0,0.04574,192.0
1753531842036,12:10:42.036,ACT/USDT:USDT,0.04572,11.0,0.04571,301.0,0.04573,11.0,0.04574,192.0
1753531842454,12:10:42.454,ACT/USDT:USDT,0.04572,11.0,0.04571,301.0,0.04573,11.0,0.04574,192.0
1753531842906,12:10:42.906,ACT/USDT:USDT,0.04572,11.0,0.04571,301.0,0.04573,21.0,0.04574,192.0
1753531844419,12:10:44.419,ACT/USDT:USDT,0.04572,11.0,0.04571,301.0,0.04573,21.0,0.04574,192.0
1753531844546,12:10:44.546,ACT/USDT:USDT,0.04572,11.0,0.04571,301.0,0.04573,11.0,0.04574,192.0
1753531844917,12:10:44.917,ACT/USDT:USDT,0.04572,11.0,0.04571,301.0,0.04573,21.0,0.04574,192.0
1753531845814,12:10:45.814,ACT/USDT:USDT,0.04572,121.0,0.04571,301.0,0.04573,1.0,0.04574,11.0
1753531845884,12:10:45.884,ACT/USDT:USDT,0.04573,110.0,0.04572,121.0,0.04574,22.0,0.04575,1080.0
1753531845998,12:10:45.998,ACT/USDT:USDT,0.04573,110.0,0.04572,121.0,0.04574,22.0,0.04575,1080.0
1753531846326,12:10:46.326,ACT/USDT:USDT,0.04573,110.0,0.04572,121.0,0.04574,22.0,0.04575,1080.0
1753531846861,12:10:46.861,ACT/USDT:USDT,0.04573,110.0,0.04572,121.0,0.04574,2.0,0.04575,1090.0
1753531846953,12:10:46.953,ACT/USDT:USDT,0.04573,110.0,0.04572,121.0,0.04574,2.0,0.04575,10.0
1753531846984,12:10:46.984,ACT/USDT:USDT,0.04573,110.0,0.04572,121.0,0.04574,1.0,0.04575,11.0
1753531847154,12:10:47.154,ACT/USDT:USDT,0.04573,110.0,0.04572,121.0,0.04574,1.0,0.04575,11.0
1753531847798,12:10:47.798,ACT/USDT:USDT,0.04573,110.0,0.04572,121.0,0.04574,1.0,0.04575,11.0
1753531847971,12:10:47.971,ACT/USDT:USDT,0.04573,110.0,0.04572,121.0,0.04574,1.0,0.04575,10.0
1753531852367,12:10:52.367,ACT/USDT:USDT,0.04573,110.0,0.04572,121.0,0.04574,1.0,0.04575,10.0
1753531852378,12:10:52.378,ACT/USDT:USDT,0.04573,110.0,0.04572,121.0,0.04574,1.0,0.04575,10.0
1753531855366,12:10:55.366,ACT/USDT:USDT,0.04573,110.0,0.04572,121.0,0.04574,1.0,0.04575,10.0
1753531855378,12:10:55.378,ACT/USDT:USDT,0.04573,110.0,0.04572,121.0,0.04574,1.0,0.04575,10.0
1753531855756,12:10:55.756,ACT/USDT:USDT,0.04573,110.0,0.04572,175.0,0.04574,1.0,0.04575,10.0
1753531856166,12:10:56.166,ACT/USDT:USDT,0.04573,110.0,0.04572,121.0,0.04574,1.0,0.04575,10.0
1753531856360,12:10:56.360,ACT/USDT:USDT,0.04573,110.0,0.04572,121.0,0.04574,1.0,0.04576,1.0
1753531856944,12:10:56.944,ACT/USDT:USDT,0.04573,110.0,0.04572,121.0,0.04574,1.0,0.04576,1.0
1753531858159,12:10:58.159,ACT/USDT:USDT,0.04573,110.0,0.04572,121.0,0.04574,1.0,0.04576,1.0
1753531858178,12:10:58.178,ACT/USDT:USDT,0.04573,110.0,0.04572,121.0,0.04574,1.0,0.04576,1.0
1753531860598,12:11:00.598,ACT/USDT:USDT,0.04573,110.0,0.04572,121.0,0.04574,1.0,0.04576,1.0
1753531861150,12:11:01.150,ACT/USDT:USDT,0.04573,110.0,0.04572,121.0,0.04574,11.0,0.04576,1.0
1753531861317,12:11:01.317,ACT/USDT:USDT,0.04573,110.0,0.04572,121.0,0.04574,1.0,0.04576,1.0
1753531863958,12:11:03.958,ACT/USDT:USDT,0.04573,110.0,0.04572,121.0,0.04574,1.0,0.04576,1.0
1753531863978,12:11:03.978,ACT/USDT:USDT,0.04573,110.0,0.04572,121.0,0.04574,1.0,0.04576,1.0
1753531868359,12:11:08.359,ACT/USDT:USDT,0.04573,110.0,0.04572,121.0,0.04574,11.0,0.04576,1.0
1753531868379,12:11:08.379,ACT/USDT:USDT,0.04573,110.0,0.04572,121.0,0.04574,11.0,0.04576,1.0
1753531869758,12:11:09.758,ACT/USDT:USDT,0.04573,110.0,0.04572,121.0,0.04574,11.0,0.04576,1.0
1753531869778,12:11:09.778,ACT/USDT:USDT,0.04573,110.0,0.04572,121.0,0.04574,11.0,0.04576,1.0
1753531870341,12:11:10.341,ACT/USDT:USDT,0.04573,110.0,0.04572,121.0,0.04574,1.0,0.04576,1.0
1753531875558,12:11:15.558,ACT/USDT:USDT,0.04573,110.0,0.04572,121.0,0.04574,1.0,0.04576,1.0
1753531875579,12:11:15.579,ACT/USDT:USDT,0.04573,110.0,0.04572,121.0,0.04574,1.0,0.04576,1.0
1753531875691,12:11:15.691,ACT/USDT:USDT,0.04573,110.0,0.04572,131.0,0.04574,1.0,0.04576,1.0
1753531876598,12:11:16.598,ACT/USDT:USDT,0.04573,110.0,0.04572,121.0,0.04574,1.0,0.04575,10.0
1753531877374,12:11:17.374,ACT/USDT:USDT,0.04573,110.0,0.04572,121.0,0.04574,1.0,0.04575,10.0
1753531880494,12:11:20.494,ACT/USDT:USDT,0.04573,110.0,0.04572,131.0,0.04574,1.0,0.04576,1.0
1753531881035,12:11:21.035,ACT/USDT:USDT,0.04573,110.0,0.04572,131.0,0.04574,1.0,0.04575,10.0
1753531881338,12:11:21.338,ACT/USDT:USDT,0.04573,110.0,0.04572,131.0,0.04574,1.0,0.04575,10.0
1753531881456,12:11:21.456,ACT/USDT:USDT,0.04573,110.0,0.04572,131.0,0.04574,1.0,0.04575,20.0
1753531881797,12:11:21.797,ACT/USDT:USDT,0.04573,110.0,0.04572,131.0,0.04574,11.0,0.04575,20.0
1753531882242,12:11:22.242,ACT/USDT:USDT,0.04573,110.0,0.04572,131.0,0.04574,11.0,0.04575,20.0
1753531885038,12:11:25.038,ACT/USDT:USDT,0.04573,110.0,0.04572,121.0,0.04574,1.0,0.04575,20.0
1753531885740,12:11:25.740,ACT/USDT:USDT,0.04573,110.0,0.04572,131.0,0.04574,1.0,0.04575,20.0
1753531887120,12:11:27.120,ACT/USDT:USDT,0.04573,110.0,0.04572,131.0,0.04574,1.0,0.04575,20.0
1753531892659,12:11:32.659,ACT/USDT:USDT,0.04573,110.0,0.04572,121.0,0.04574,11.0,0.04575,20.0
1753531892741,12:11:32.741,ACT/USDT:USDT,0.04572,121.0,0.04571,147.0,0.04573,110.0,0.04574,21.0
1753531892828,12:11:32.828,ACT/USDT:USDT,0.04572,11.0,0.04571,303.0,0.04573,130.0,0.04574,2.0
1753531892962,12:11:32.962,ACT/USDT:USDT,0.04572,11.0,0.04571,303.0,0.04573,120.0,0.04574,2.0
1753531893059,12:11:33.059,ACT/USDT:USDT,0.04572,11.0,0.04571,147.0,0.04573,120.0,0.04574,2.0
1753531893323,12:11:33.323,ACT/USDT:USDT,0.04572,11.0,0.04571,147.0,0.04573,120.0,0.04574,2.0
1753531893595,12:11:33.595,ACT/USDT:USDT,0.04572,11.0,0.04571,303.0,0.04573,130.0,0.04574,2.0
1753531894143,12:11:34.143,ACT/USDT:USDT,0.04572,11.0,0.04571,303.0,0.04573,130.0,0.04574,2.0
1753531894560,12:11:34.560,ACT/USDT:USDT,0.04572,11.0,0.04571,303.0,0.04573,130.0,0.04574,2.0
1753531895418,12:11:35.418,ACT/USDT:USDT,0.04572,11.0,0.04571,147.0,0.04573,130.0,0.04574,2.0
1753531895493,12:11:35.493,ACT/USDT:USDT,0.04572,11.0,0.04571,147.0,0.04573,130.0,0.04574,2.0
1753531895669,12:11:35.669,ACT/USDT:USDT,0.04572,11.0,0.04571,147.0,0.04573,130.0,0.04574,2.0
1753531896360,12:11:36.360,ACT/USDT:USDT,0.04572,11.0,0.04571,147.0,0.04573,120.0,0.04574,2.0
1753531896420,12:11:36.420,ACT/USDT:USDT,0.04572,11.0,0.04571,147.0,0.04573,110.0,0.04574,2.0
1753531896558,12:11:36.558,ACT/USDT:USDT,0.04572,11.0,0.04571,303.0,0.04573,120.0,0.04574,2.0
1753531896623,12:11:36.623,ACT/USDT:USDT,0.04572,11.0,0.04571,303.0,0.04573,130.0,0.04574,2.0
1753531896766,12:11:36.766,ACT/USDT:USDT,0.04572,11.0,0.04571,147.0,0.04573,130.0,0.04574,2.0
1753531896819,12:11:36.819,ACT/USDT:USDT,0.04572,11.0,0.04571,303.0,0.04573,130.0,0.04574,2.0
1753531896923,12:11:36.923,ACT/USDT:USDT,0.04572,11.0,0.04571,303.0,0.04573,130.0,0.04574,2.0
1753531897039,12:11:37.039,ACT/USDT:USDT,0.04572,11.0,0.04571,303.0,0.04573,130.0,0.04574,2.0
1753531898261,12:11:38.261,ACT/USDT:USDT,0.04572,11.0,0.04571,303.0,0.04573,130.0,0.04574,2.0
1753531902704,12:11:42.704,ACT/USDT:USDT,0.04572,11.0,0.04571,147.0,0.04573,130.0,0.04574,2.0
1753531902963,12:11:42.963,ACT/USDT:USDT,0.04572,11.0,0.04571,303.0,0.04573,130.0,0.04574,2.0
1753531903068,12:11:43.068,ACT/USDT:USDT,0.04572,11.0,0.04571,303.0,0.04573,130.0,0.04574,2.0
1753531903108,12:11:43.108,ACT/USDT:USDT,0.04572,11.0,0.04571,303.0,0.04573,130.0,0.04574,2.0
1753531904329,12:11:44.329,ACT/USDT:USDT,0.04572,11.0,0.04571,303.0,0.04573,130.0,0.04574,2.0
1753531904519,12:11:44.519,ACT/USDT:USDT,0.04572,11.0,0.04571,303.0,0.04573,130.0,0.04574,2.0
1753531906350,12:11:46.350,ACT/USDT:USDT,0.04572,121.0,0.04571,303.0,0.04573,110.0,0.04574,2.0
1753531906421,12:11:46.421,ACT/USDT:USDT,0.04573,110.0,0.04572,121.0,0.04574,12.0,0.04575,182.0
1753531906517,12:11:46.517,ACT/USDT:USDT,0.04573,110.0,0.04572,121.0,0.04574,12.0,0.04575,182.0
1753531906618,12:11:46.618,ACT/USDT:USDT,0.04572,121.0,0.04571,303.0,0.04574,12.0,0.04575,182.0
1753531906775,12:11:46.775,ACT/USDT:USDT,0.04572,110.0,0.04571,303.0,0.04574,22.0,0.04575,182.0
1753531907198,12:11:47.198,ACT/USDT:USDT,0.04572,110.0,0.04571,303.0,0.04574,22.0,0.04575,182.0
1753531907372,12:11:47.372,ACT/USDT:USDT,0.04572,110.0,0.04571,303.0,0.04574,2.0,0.04575,182.0
1753531907472,12:11:47.472,ACT/USDT:USDT,0.04573,110.0,0.04572,110.0,0.04574,2.0,0.04576,188.0
1753531907484,12:11:47.484,ACT/USDT:USDT,0.04573,121.0,0.04572,110.0,0.04574,1.0,0.04575,1.0
1753531908023,12:11:48.023,ACT/USDT:USDT,0.04573,121.0,0.04572,110.0,0.04574,1.0,0.04575,1.0
1753531908974,12:11:48.974,ACT/USDT:USDT,0.04573,121.0,0.04572,110.0,0.04574,21.0,0.04575,1.0
1753531909253,12:11:49.253,ACT/USDT:USDT,0.04573,121.0,0.04572,110.0,0.04574,21.0,0.04575,1.0
1753531910119,12:11:50.119,ACT/USDT:USDT,0.04573,121.0,0.04572,110.0,0.04574,1.0,0.04575,1.0
1753531910178,12:11:50.178,ACT/USDT:USDT,0.04573,121.0,0.04572,110.0,0.04574,1.0,0.04575,1.0
1753531913198,12:11:53.198,ACT/USDT:USDT,0.04573,121.0,0.04572,110.0,0.04574,1.0,0.04575,1.0
1753531917421,12:11:57.421,ACT/USDT:USDT,0.04573,121.0,0.04572,110.0,0.04574,1.0,0.04575,1.0
1753531918975,12:11:58.975,ACT/USDT:USDT,0.04573,121.0,0.04572,110.0,0.04574,1.0,0.04575,1.0
1753531918979,12:11:58.979,ACT/USDT:USDT,0.04573,121.0,0.04572,110.0,0.04574,1.0,0.04575,1.0
1753531919423,12:11:59.423,ACT/USDT:USDT,0.04573,141.0,0.04572,293.0,0.04574,1.0,0.04575,1.0
1753531919482,12:11:59.482,ACT/USDT:USDT,0.04573,141.0,0.04572,293.0,0.04574,1.0,0.04576,1.0
1753531919654,12:11:59.654,ACT/USDT:USDT,0.04573,121.0,0.04572,293.0,0.04574,1.0,0.04576,1.0
1753531920244,12:12:00.244,ACT/USDT:USDT,0.04573,121.0,0.04572,293.0,0.04574,1.0,0.04576,1.0
1753531924772,12:12:04.772,ACT/USDT:USDT,0.04573,121.0,0.04572,293.0,0.04574,1.0,0.04576,1.0
1753531926362,12:12:06.362,ACT/USDT:USDT,0.04573,131.0,0.04572,293.0,0.04574,1.0,0.04576,1.0
1753531928545,12:12:08.545,ACT/USDT:USDT,0.04573,121.0,0.04572,293.0,0.04574,1.0,0.04576,1.0
1753531929057,12:12:09.057,ACT/USDT:USDT,0.04573,121.0,0.04572,293.0,0.04574,1.0,0.04576,1.0
1753531930272,12:12:10.272,ACT/USDT:USDT,0.04573,50.0,0.04572,110.0,0.04574,183.0,0.04576,1.0
1753531930363,12:12:10.363,ACT/USDT:USDT,0.04573,11.0,0.04572,110.0,0.04574,203.0,0.04576,1.0
1753531930407,12:12:10.407,ACT/USDT:USDT,0.04573,11.0,0.04572,110.0,0.04574,203.0,0.04576,1.0
1753531930570,12:12:10.570,ACT/USDT:USDT,0.04573,11.0,0.04571,1032.0,0.04574,203.0,0.04576,1.0
1753531930627,12:12:10.627,ACT/USDT:USDT,0.04572,11.0,0.04571,1032.0,0.04574,21.0,0.04575,182.0
1753531930682,12:12:10.682,ACT/USDT:USDT,0.04572,11.0,0.04571,1032.0,0.04574,22.0,0.04575,182.0
1753531930818,12:12:10.818,ACT/USDT:USDT,0.04572,11.0,0.04571,1188.0,0.04574,22.0,0.04575,182.0
1753531931155,12:12:11.155,ACT/USDT:USDT,0.04572,11.0,0.04571,1188.0,0.04574,12.0,0.04575,182.0
1753531931289,12:12:11.289,ACT/USDT:USDT,0.04572,11.0,0.04571,1188.0,0.04574,12.0,0.04575,182.0
1753531931481,12:12:11.481,ACT/USDT:USDT,0.04572,11.0,0.04571,1777.0,0.04574,2.0,0.04575,182.0
1753531933364,12:12:13.364,ACT/USDT:USDT,0.04572,11.0,0.04571,303.0,0.04574,22.0,0.04575,182.0
1753531933460,12:12:13.460,ACT/USDT:USDT,0.04572,11.0,0.04571,303.0,0.04574,22.0,0.04575,182.0
1753531933538,12:12:13.538,ACT/USDT:USDT,0.04572,11.0,0.04571,147.0,0.04574,22.0,0.04575,182.0
1753531933662,12:12:13.662,ACT/USDT:USDT,0.04572,11.0,0.04571,147.0,0.04574,22.0,0.04575,182.0
1753531933692,12:12:13.692,ACT/USDT:USDT,0.04572,11.0,0.04571,147.0,0.04574,22.0,0.04575,182.0
1753531933812,12:12:13.812,ACT/USDT:USDT,0.04572,11.0,0.04571,147.0,0.04574,22.0,0.04575,182.0
1753531933965,12:12:13.965,ACT/USDT:USDT,0.04572,11.0,0.04571,147.0,0.04574,204.0,0.04575,182.0
1753531933981,12:12:13.981,ACT/USDT:USDT,0.04572,11.0,0.04571,147.0,0.04574,203.0,0.04575,182.0
1753531934538,12:12:14.538,ACT/USDT:USDT,0.04572,11.0,0.04571,147.0,0.04574,203.0,0.04575,182.0
1753531934578,12:12:14.578,ACT/USDT:USDT,0.04572,11.0,0.04571,147.0,0.04574,203.0,0.04575,182.0
1753531935459,12:12:15.459,ACT/USDT:USDT,0.04572,11.0,0.04571,303.0,0.04574,203.0,0.04575,182.0
1753531935569,12:12:15.569,ACT/USDT:USDT,0.04572,11.0,0.04571,303.0,0.04574,11.0,0.04575,182.0
1753531935606,12:12:15.606,ACT/USDT:USDT,0.04572,11.0,0.04571,303.0,0.04574,2.0,0.04575,182.0
1753531935699,12:12:15.699,ACT/USDT:USDT,0.04572,21.0,0.04571,303.0,0.04574,2.0,0.04575,182.0
1753531935857,12:12:15.857,ACT/USDT:USDT,0.04572,11.0,0.04571,303.0,0.04574,2.0,0.04575,182.0
1753531936391,12:12:16.391,ACT/USDT:USDT,0.04572,21.0,0.04571,303.0,0.04574,2.0,0.04575,182.0
1753531936503,12:12:16.503,ACT/USDT:USDT,0.04572,11.0,0.04571,303.0,0.04574,2.0,0.04575,182.0
1753531936640,12:12:16.640,ACT/USDT:USDT,0.04573,110.0,0.04572,167.0,0.04574,2.0,0.04576,187.0
1753531936724,12:12:16.724,ACT/USDT:USDT,0.04573,110.0,0.04572,167.0,0.04574,1.0,0.04575,1.0
1753531937194,12:12:17.194,ACT/USDT:USDT,0.04573,110.0,0.04572,167.0,0.04574,1.0,0.04575,1.0
1753531939259,12:12:19.259,ACT/USDT:USDT,0.04573,110.0,0.04572,167.0,0.04574,1.0,0.04575,1.0
1753531939280,12:12:19.280,ACT/USDT:USDT,0.04573,110.0,0.04572,167.0,0.04574,1.0,0.04575,1.0
1753531940614,12:12:20.614,ACT/USDT:USDT,0.04573,120.0,0.04572,354.0,0.04574,1.0,0.04575,1.0
1753531940682,12:12:20.682,ACT/USDT:USDT,0.04573,120.0,0.04572,354.0,0.04574,1.0,0.04576,1.0
1753531941415,12:12:21.415,ACT/USDT:USDT,0.04573,110.0,0.04572,364.0,0.04574,1.0,0.04576,1.0
1753531943271,12:12:23.271,ACT/USDT:USDT,0.04573,120.0,0.04572,364.0,0.04574,1.0,0.04576,1.0
1753531943518,12:12:23.518,ACT/USDT:USDT,0.04573,317.0,0.04572,364.0,0.04574,1.0,0.04576,1.0
1753531943604,12:12:23.604,ACT/USDT:USDT,0.04573,317.0,0.04572,364.0,0.04574,1.0,0.04576,1.0
1753531945458,12:12:25.458,ACT/USDT:USDT,0.04573,317.0,0.04572,364.0,0.04574,1.0,0.04576,1.0
1753531945546,12:12:25.546,ACT/USDT:USDT,0.04573,317.0,0.04572,418.0,0.04574,1.0,0.04576,1.0
1753531945584,12:12:25.584,ACT/USDT:USDT,0.04573,317.0,0.04572,418.0,0.04574,1.0,0.04578,1.0
1753531945865,12:12:25.865,ACT/USDT:USDT,0.04573,317.0,0.04572,418.0,0.04574,1.0,0.04578,1.0
1753531945893,12:12:25.893,ACT/USDT:USDT,0.04573,317.0,0.04572,418.0,0.04574,1.0,0.04578,1.0
1753531946292,12:12:26.292,ACT/USDT:USDT,0.04573,317.0,0.04572,418.0,0.04574,1.0,0.04578,1.0
1753531948538,12:12:28.538,ACT/USDT:USDT,0.04573,317.0,0.04572,418.0,0.04574,1.0,0.04578,1.0
1753531948578,12:12:28.578,ACT/USDT:USDT,0.04573,317.0,0.04572,418.0,0.04574,1.0,0.04578,1.0
1753531951408,12:12:31.408,ACT/USDT:USDT,0.04573,317.0,0.04572,418.0,0.04574,1.0,0.04578,1.0
1753531953695,12:12:33.695,ACT/USDT:USDT,0.04573,297.0,0.04572,428.0,0.04574,1.0,0.04578,1.0
1753531955518,12:12:35.518,ACT/USDT:USDT,0.04573,297.0,0.04572,428.0,0.04574,1.0,0.04578,1.0
1753531955724,12:12:35.724,ACT/USDT:USDT,0.04573,297.0,0.04572,428.0,0.04574,1.0,0.04578,1.0
1753531955860,12:12:35.860,ACT/USDT:USDT,0.04573,307.0,0.04572,428.0,0.04574,1.0,0.04578,1.0
1753531955955,12:12:35.955,ACT/USDT:USDT,0.04573,307.0,0.04572,2056.0,0.04574,1.0,0.04578,1.0
1753531956470,12:12:36.470,ACT/USDT:USDT,0.04573,307.0,0.04572,2056.0,0.04574,1.0,0.04578,1.0
1753531957363,12:12:37.363,ACT/USDT:USDT,0.04573,297.0,0.04572,2056.0,0.04574,1.0,0.04578,1.0
1753531957454,12:12:37.454,ACT/USDT:USDT,0.04573,297.0,0.04572,2056.0,0.04574,1.0,0.04578,1.0
1753531957736,12:12:37.736,ACT/USDT:USDT,0.04573,297.0,0.04572,2056.0,0.04574,1.0,0.04578,1.0
1753531959524,12:12:39.524,ACT/USDT:USDT,0.04573,297.0,0.04572,4120.0,0.04574,1.0,0.04578,1.0
1753531963558,12:12:43.558,ACT/USDT:USDT,0.04573,297.0,0.04572,408.0,0.04574,1.0,0.04575,10.0
1753531963660,12:12:43.660,ACT/USDT:USDT,0.04573,297.0,0.04572,408.0,0.04574,1.0,0.04578,1.0
1753531963824,12:12:43.824,ACT/USDT:USDT,0.04573,297.0,0.04572,408.0,0.04574,1.0,0.04578,1.0
1753531964644,12:12:44.644,ACT/USDT:USDT,0.04573,297.0,0.04572,408.0,0.04574,1.0,0.04578,1.0
1753531964718,12:12:44.718,ACT/USDT:USDT,0.04573,297.0,0.04572,418.0,0.04574,1.0,0.04578,1.0
1753531965225,12:12:45.225,ACT/USDT:USDT,0.04573,297.0,0.04572,428.0,0.04574,1.0,0.04578,1.0
1753531968219,12:12:48.219,ACT/USDT:USDT,0.04573,297.0,0.04572,418.0,0.04574,1.0,0.04578,1.0
1753531968342,12:12:48.342,ACT/USDT:USDT,0.04573,297.0,0.04572,428.0,0.04574,1.0,0.04578,1.0
1753531969482,12:12:49.482,ACT/USDT:USDT,0.04573,297.0,0.04572,428.0,0.04574,1.0,0.04578,1.0
1753531973658,12:12:53.658,ACT/USDT:USDT,0.04573,297.0,0.04572,428.0,0.04574,1.0,0.04578,1.0
1753531974061,12:12:54.061,ACT/USDT:USDT,0.04574,295.0,0.04573,297.0,0.04578,1.0,0.04579,1264.0
1753531974167,12:12:54.167,ACT/USDT:USDT,0.04577,110.0,0.04576,157.0,0.04578,11.0,0.04579,1284.0
1753531974231,12:12:54.231,ACT/USDT:USDT,0.04577,110.0,0.04576,157.0,0.04578,11.0,0.04579,1284.0
1753531974375,12:12:54.375,ACT/USDT:USDT,0.04577,110.0,0.04576,157.0,0.04578,11.0,0.04579,1284.0
1753531974419,12:12:54.419,ACT/USDT:USDT,0.04577,110.0,0.04576,157.0,0.04578,11.0,0.04579,1284.0
1753531974621,12:12:54.621,ACT/USDT:USDT,0.04577,110.0,0.04576,157.0,0.04578,11.0,0.04579,1284.0
1753531974773,12:12:54.773,ACT/USDT:USDT,0.04577,110.0,0.04576,157.0,0.04578,11.0,0.04579,1284.0
1753531975089,12:12:55.089,ACT/USDT:USDT,0.04577,110.0,0.04576,157.0,0.04578,11.0,0.04579,1284.0
1753531975238,12:12:55.238,ACT/USDT:USDT,0.04577,110.0,0.04576,157.0,0.04578,11.0,0.04579,1274.0
1753531976777,12:12:56.777,ACT/USDT:USDT,0.04577,110.0,0.04576,157.0,0.04578,11.0,0.04579,1284.0
1753531977298,12:12:57.298,ACT/USDT:USDT,0.04577,110.0,0.04576,157.0,0.04578,11.0,0.04579,1284.0
1753531979798,12:12:59.798,ACT/USDT:USDT,0.04577,110.0,0.04576,157.0,0.04578,11.0,0.04579,1284.0
1753531979996,12:12:59.996,ACT/USDT:USDT,0.04577,110.0,0.04576,157.0,0.04578,11.0,0.04579,1284.0
1753531980315,12:13:00.315,ACT/USDT:USDT,0.04577,110.0,0.04576,157.0,0.04578,21.0,0.04579,1284.0
1753531982499,12:13:02.499,ACT/USDT:USDT,0.04577,110.0,0.04576,157.0,0.04578,21.0,0.04579,1284.0
1753531982769,12:13:02.769,ACT/USDT:USDT,0.04577,110.0,0.04576,157.0,0.04578,11.0,0.04579,1284.0
1753531983366,12:13:03.366,ACT/USDT:USDT,0.04577,110.0,0.04576,157.0,0.04578,21.0,0.04579,1284.0
1753531987958,12:13:07.958,ACT/USDT:USDT,0.04577,110.0,0.04576,157.0,0.04578,11.0,0.04579,1284.0
1753531989063,12:13:09.063,ACT/USDT:USDT,0.04577,110.0,0.04576,157.0,0.04578,11.0,0.04579,204.0
1753531989082,12:13:09.082,ACT/USDT:USDT,0.04577,110.0,0.04576,157.0,0.04578,10.0,0.04579,204.0
1753531989425,12:13:09.425,ACT/USDT:USDT,0.04577,110.0,0.04576,157.0,0.04578,10.0,0.04579,204.0
1753531989643,12:13:09.643,ACT/USDT:USDT,0.04578,110.0,0.04577,110.0,0.04579,10.0,0.0458,194.0
1753531989717,12:13:09.717,ACT/USDT:USDT,0.04578,110.0,0.04577,110.0,0.04579,10.0,0.0458,194.0
1753531989845,12:13:09.845,ACT/USDT:USDT,0.04578,110.0,0.04577,110.0,0.04579,10.0,0.0458,194.0
1753531990673,12:13:10.673,ACT/USDT:USDT,0.04578,110.0,0.04577,110.0,0.04579,10.0,0.0458,194.0
1753531991118,12:13:11.118,ACT/USDT:USDT,0.04578,110.0,0.04577,110.0,0.04579,10.0,0.0458,194.0
1753531991686,12:13:11.686,ACT/USDT:USDT,0.04578,110.0,0.04577,110.0,0.04579,20.0,0.0458,194.0
1753531993706,12:13:13.706,ACT/USDT:USDT,0.04578,110.0,0.04577,110.0,0.04579,10.0,0.0458,194.0
1753531993947,12:13:13.947,ACT/USDT:USDT,0.04578,110.0,0.04577,110.0,0.04579,10.0,0.0458,194.0
1753531996800,12:13:16.800,ACT/USDT:USDT,0.04577,110.0,0.04576,158.0,0.04579,208.0,0.0458,194.0
1753531997170,12:13:17.170,ACT/USDT:USDT,0.04577,110.0,0.04576,158.0,0.04579,208.0,0.0458,194.0
1753531997188,12:13:17.188,ACT/USDT:USDT,0.04577,110.0,0.04576,158.0,0.04579,208.0,0.0458,194.0
1753531997605,12:13:17.605,ACT/USDT:USDT,0.04577,110.0,0.04576,158.0,0.04579,208.0,0.0458,194.0
1753531999098,12:13:19.098,ACT/USDT:USDT,0.04577,110.0,0.04576,158.0,0.04579,198.0,0.0458,184.0
1753532000958,12:13:20.958,ACT/USDT:USDT,0.04577,110.0,0.04576,158.0,0.04579,208.0,0.0458,184.0
1753532002490,12:13:22.490,ACT/USDT:USDT,0.04577,110.0,0.04576,158.0,0.04579,208.0,0.0458,184.0
1753532002962,12:13:22.962,ACT/USDT:USDT,0.04577,110.0,0.04576,158.0,0.04579,208.0,0.0458,184.0
1753532002979,12:13:22.979,ACT/USDT:USDT,0.04577,110.0,0.04576,158.0,0.04579,208.0,0.0458,184.0
1753532003274,12:13:23.274,ACT/USDT:USDT,0.04575,55.0,0.04574,196.0,0.04578,188.0,0.04579,198.0
1753532003298,12:13:23.298,ACT/USDT:USDT,0.04573,253.0,0.04572,187.0,0.04578,188.0,0.04579,189.0
1753532003402,12:13:23.402,ACT/USDT:USDT,0.04573,253.0,0.04572,344.0,0.04578,188.0,0.04579,189.0
1753532003773,12:13:23.773,ACT/USDT:USDT,0.04573,198.0,0.04572,399.0,0.04578,188.0,0.04579,189.0
1753532003888,12:13:23.888,ACT/USDT:USDT,0.04573,187.0,0.04572,410.0,0.04578,188.0,0.04579,189.0
1753532004121,12:13:24.121,ACT/USDT:USDT,0.04573,187.0,0.04572,410.0,0.04578,188.0,0.04579,189.0
1753532005273,12:13:25.273,ACT/USDT:USDT,0.04573,187.0,0.04572,410.0,0.04578,188.0,0.04579,189.0
1753532006074,12:13:26.074,ACT/USDT:USDT,0.04573,187.0,0.04572,410.0,0.04578,188.0,0.04579,189.0
1753532006180,12:13:26.180,ACT/USDT:USDT,0.04573,187.0,0.04572,410.0,0.04578,188.0,0.04579,189.0
1753532008758,12:13:28.758,ACT/USDT:USDT,0.04573,187.0,0.04572,410.0,0.04578,188.0,0.04579,189.0
1753532008799,12:13:28.799,ACT/USDT:USDT,0.04573,187.0,0.04572,410.0,0.04578,188.0,0.04579,1269.0
1753532009862,12:13:29.862,ACT/USDT:USDT,0.04573,187.0,0.04572,410.0,0.04578,188.0,0.04579,1269.0
1753532011065,12:13:31.065,ACT/USDT:USDT,0.04572,410.0,0.04571,1771.0,0.04578,1268.0,0.04579,1269.0
1753532011164,12:13:31.164,ACT/USDT:USDT,0.04573,110.0,0.04572,355.0,0.04577,188.0,0.04578,1268.0
1753532011314,12:13:31.314,ACT/USDT:USDT,0.04573,110.0,0.04572,355.0,0.04576,207.0,0.04577,188.0
1753532011573,12:13:31.573,ACT/USDT:USDT,0.04573,110.0,0.04572,168.0,0.04575,197.0,0.04576,197.0
1753532011635,12:13:31.635,ACT/USDT:USDT,0.04572,168.0,0.04571,242.0,0.04575,197.0,0.04576,197.0
1753532011771,12:13:31.771,ACT/USDT:USDT,0.04572,157.0,0.04571,355.0,0.04575,197.0,0.04576,197.0
1753532012733,12:13:32.733,ACT/USDT:USDT,0.04572,157.0,0.04571,355.0,0.04575,207.0,0.04576,187.0
1753532012842,12:13:32.842,ACT/USDT:USDT,0.04572,157.0,0.04571,355.0,0.04575,207.0,0.04576,187.0
1753532014418,12:13:34.418,ACT/USDT:USDT,0.04572,157.0,0.04571,355.0,0.04575,207.0,0.04576,187.0
1753532014478,12:13:34.478,ACT/USDT:USDT,0.04572,157.0,0.04571,355.0,0.04575,207.0,0.04576,187.0
1753532015273,12:13:35.273,ACT/USDT:USDT,0.04572,157.0,0.04571,410.0,0.04575,207.0,0.04576,187.0
1753532015686,12:13:35.686,ACT/USDT:USDT,0.04572,157.0,0.04571,410.0,0.04575,207.0,0.04576,187.0
1753532016098,12:13:36.098,ACT/USDT:USDT,0.04572,157.0,0.04571,410.0,0.04575,207.0,0.04576,187.0
1753532018038,12:13:38.038,ACT/USDT:USDT,0.04574,110.0,0.04573,110.0,0.04575,10.0,0.04576,187.0
1753532018160,12:13:38.160,ACT/USDT:USDT,0.04574,110.0,0.04573,110.0,0.04576,197.0,0.04577,682.0
1753532018229,12:13:38.229,ACT/USDT:USDT,0.04574,110.0,0.04573,176.0,0.04576,10.0,0.04577,682.0
1753532018408,12:13:38.408,ACT/USDT:USDT,0.04574,110.0,0.04573,176.0,0.04576,20.0,0.04577,682.0
1753532018575,12:13:38.575,ACT/USDT:USDT,0.04574,110.0,0.04573,176.0,0.04576,20.0,0.04577,682.0
1753532018576,12:13:38.576,ACT/USDT:USDT,0.04574,110.0,0.04573,176.0,0.04576,20.0,0.04577,682.0
1753532018760,12:13:38.760,ACT/USDT:USDT,0.04574,110.0,0.04573,121.0,0.04576,20.0,0.04577,682.0
1753532019163,12:13:39.163,ACT/USDT:USDT,0.04574,110.0,0.04573,121.0,0.04576,20.0,0.04577,682.0
1753532019182,12:13:39.182,ACT/USDT:USDT,0.04574,110.0,0.04573,110.0,0.04576,20.0,0.04577,682.0
1753532019415,12:13:39.415,ACT/USDT:USDT,0.04574,110.0,0.04573,110.0,0.04576,10.0,0.04577,682.0
1753532022147,12:13:42.147,ACT/USDT:USDT,0.04574,110.0,0.04573,110.0,0.04576,10.0,0.04577,682.0
1753532022262,12:13:42.262,ACT/USDT:USDT,0.04574,110.0,0.04573,110.0,0.04576,10.0,0.04577,682.0
1753532022283,12:13:42.283,ACT/USDT:USDT,0.04574,110.0,0.04573,110.0,0.04576,20.0,0.04577,682.0
1753532023258,12:13:43.258,ACT/USDT:USDT,0.04574,110.0,0.04573,110.0,0.04576,20.0,0.04577,682.0
1753532023278,12:13:43.278,ACT/USDT:USDT,0.04574,110.0,0.04573,110.0,0.04576,10.0,0.04577,682.0
1753532023564,12:13:43.564,ACT/USDT:USDT,0.04574,110.0,0.04573,110.0,0.04576,10.0,0.04577,682.0
1753532024866,12:13:44.866,ACT/USDT:USDT,0.04574,110.0,0.04573,110.0,0.04576,202.0,0.04577,682.0
1753532025024,12:13:45.024,ACT/USDT:USDT,0.04574,110.0,0.04573,110.0,0.04576,10.0,0.04577,682.0
1753532026874,12:13:46.874,ACT/USDT:USDT,0.04574,110.0,0.04573,110.0,0.04576,204.0,0.04577,682.0
1753532026939,12:13:46.939,ACT/USDT:USDT,0.04573,110.0,0.04572,360.0,0.04576,204.0,0.04577,682.0
1753532027106,12:13:47.106,ACT/USDT:USDT,0.04573,110.0,0.04572,360.0,0.04576,204.0,0.04577,682.0
1753532027531,12:13:47.531,ACT/USDT:USDT,0.04573,110.0,0.04572,360.0,0.04576,204.0,0.04577,682.0
1753532029038,12:13:49.038,ACT/USDT:USDT,0.04573,110.0,0.04572,360.0,0.04576,204.0,0.04577,682.0
1753532029163,12:13:49.163,ACT/USDT:USDT,0.04573,110.0,0.04572,360.0,0.04576,204.0,0.04577,682.0
1753532029691,12:13:49.691,ACT/USDT:USDT,0.04573,110.0,0.04572,360.0,0.04576,204.0,0.04577,682.0
1753532031873,12:13:51.873,ACT/USDT:USDT,0.04573,110.0,0.04572,360.0,0.04576,204.0,0.04577,682.0
1753532031878,12:13:51.878,ACT/USDT:USDT,0.04573,110.0,0.04572,350.0,0.04576,204.0,0.04577,682.0
1753532034821,12:13:54.821,ACT/USDT:USDT,0.04573,110.0,0.04572,350.0,0.04576,204.0,0.04577,682.0
1753532035742,12:13:55.742,ACT/USDT:USDT,0.04574,110.0,0.04573,297.0,0.04576,10.0,0.04577,682.0
1753532035818,12:13:55.818,ACT/USDT:USDT,0.04575,110.0,0.04574,110.0,0.04577,515.0,0.04578,1648.0
1753532035900,12:13:55.900,ACT/USDT:USDT,0.04575,110.0,0.04574,121.0,0.04577,514.0,0.04578,1648.0
1753532036051,12:13:56.051,ACT/USDT:USDT,0.04575,110.0,0.04574,121.0,0.04577,514.0,0.04578,1648.0
1753532036335,12:13:56.335,ACT/USDT:USDT,0.04575,110.0,0.04574,121.0,0.04577,20.0,0.04578,1648.0
1753532036464,12:13:56.464,ACT/USDT:USDT,0.04576,110.0,0.04575,110.0,0.04577,11.0,0.04578,1648.0
1753532036523,12:13:56.523,ACT/USDT:USDT,0.04576,110.0,0.04575,110.0,0.04577,11.0,0.04578,1278.0
1753532036582,12:13:56.582,ACT/USDT:USDT,0.04576,110.0,0.04575,110.0,0.04577,11.0,0.04578,1278.0
1753532036894,12:13:56.894,ACT/USDT:USDT,0.04576,110.0,0.04575,110.0,0.04577,11.0,0.04578,1278.0
1753532037794,12:13:57.794,ACT/USDT:USDT,0.04576,110.0,0.04575,110.0,0.04577,11.0,0.04578,188.0
1753532037882,12:13:57.882,ACT/USDT:USDT,0.04576,110.0,0.04575,110.0,0.04577,10.0,0.04578,189.0
1753532038162,12:13:58.162,ACT/USDT:USDT,0.04576,110.0,0.04575,110.0,0.04577,10.0,0.04578,189.0
1753532038234,12:13:58.234,ACT/USDT:USDT,0.04576,110.0,0.04575,110.0,0.04577,10.0,0.04578,189.0
1753532038283,12:13:58.283,ACT/USDT:USDT,0.04576,110.0,0.04575,110.0,0.04577,10.0,0.04578,189.0
1753532039017,12:13:59.017,ACT/USDT:USDT,0.04576,110.0,0.04575,110.0,0.04577,197.0,0.04578,189.0
1753532039158,12:13:59.158,ACT/USDT:USDT,0.04575,110.0,0.04574,157.0,0.04577,207.0,0.04578,189.0
1753532039182,12:13:59.182,ACT/USDT:USDT,0.04575,110.0,0.04574,168.0,0.04577,207.0,0.04578,189.0
1753532039406,12:13:59.406,ACT/USDT:USDT,0.04575,110.0,0.04574,168.0,0.04577,207.0,0.04578,189.0
1753532039829,12:13:59.829,ACT/USDT:USDT,0.04575,110.0,0.04574,168.0,0.04577,207.0,0.04578,189.0
1753532040660,12:14:00.660,ACT/USDT:USDT,0.04575,110.0,0.04574,168.0,0.04577,207.0,0.04578,189.0
1753532041118,12:14:01.118,ACT/USDT:USDT,0.04575,110.0,0.04574,168.0,0.04577,207.0,0.04578,189.0
1753532041361,12:14:01.361,ACT/USDT:USDT,0.04575,110.0,0.04574,168.0,0.04577,197.0,0.04578,189.0
1753532041558,12:14:01.558,ACT/USDT:USDT,0.04575,110.0,0.04574,168.0,0.04577,197.0,0.04578,189.0
1753532041617,12:14:01.617,ACT/USDT:USDT,0.04575,110.0,0.04574,168.0,0.04577,197.0,0.04578,189.0
1753532042911,12:14:02.911,ACT/USDT:USDT,0.04575,110.0,0.04574,168.0,0.04577,197.0,0.04578,189.0
1753532044548,12:14:04.548,ACT/USDT:USDT,0.04575,110.0,0.04574,168.0,0.04577,197.0,0.04578,189.0
1753532045463,12:14:05.463,ACT/USDT:USDT,0.04575,110.0,0.04574,168.0,0.04577,207.0,0.04578,189.0
1753532045503,12:14:05.503,ACT/USDT:USDT,0.04575,110.0,0.04574,168.0,0.04577,197.0,0.04578,189.0
1753532047150,12:14:07.150,ACT/USDT:USDT,0.04575,110.0,0.04574,168.0,0.04577,207.0,0.04578,189.0
1753532052218,12:14:12.218,ACT/USDT:USDT,0.04575,110.0,0.04574,168.0,0.04577,207.0,0.04578,189.0
1753532052639,12:14:12.639,ACT/USDT:USDT,0.04575,110.0,0.04574,168.0,0.04577,207.0,0.04578,189.0
1753532057998,12:14:17.998,ACT/USDT:USDT,0.04575,110.0,0.04574,168.0,0.04577,207.0,0.04578,189.0
1753532058771,12:14:18.771,ACT/USDT:USDT,0.04575,110.0,0.04574,168.0,0.04577,207.0,0.04578,189.0
1753532062525,12:14:22.525,ACT/USDT:USDT,0.04575,110.0,0.04574,168.0,0.04577,207.0,0.04578,189.0
1753532064249,12:14:24.249,ACT/USDT:USDT,0.04575,110.0,0.04574,168.0,0.04577,197.0,0.04578,189.0
1753532064281,12:14:24.281,ACT/USDT:USDT,0.04575,110.0,0.04574,168.0,0.04577,197.0,0.04578,188.0
1753532065680,12:14:25.680,ACT/USDT:USDT,0.04575,110.0,0.04574,168.0,0.04577,207.0,0.04578,188.0
1753532066118,12:14:26.118,ACT/USDT:USDT,0.04575,110.0,0.04574,168.0,0.04577,207.0,0.04578,682.0
1753532068708,12:14:28.708,ACT/USDT:USDT,0.04575,110.0,0.04574,168.0,0.04577,207.0,0.04578,682.0
1753532068949,12:14:28.949,ACT/USDT:USDT,0.04575,110.0,0.04574,168.0,0.04577,20.0,0.04578,682.0
1753532069575,12:14:29.575,ACT/USDT:USDT,0.04575,110.0,0.04574,168.0,0.04577,20.0,0.04578,682.0
1753532069645,12:14:29.645,ACT/USDT:USDT,0.04575,110.0,0.04574,168.0,0.04577,10.0,0.04578,682.0
1753532072222,12:14:32.222,ACT/USDT:USDT,0.04575,110.0,0.04574,168.0,0.04578,682.0,0.04579,1648.0
1753532072883,12:14:32.883,ACT/USDT:USDT,0.04575,110.0,0.04574,168.0,0.04578,682.0,0.04579,1648.0
1753532073274,12:14:33.274,ACT/USDT:USDT,0.04575,110.0,0.04574,168.0,0.04577,208.0,0.04578,682.0
1753532073707,12:14:33.707,ACT/USDT:USDT,0.04575,110.0,0.04574,168.0,0.04577,208.0,0.04578,682.0
1753532075693,12:14:35.693,ACT/USDT:USDT,0.04575,110.0,0.04574,168.0,0.04577,198.0,0.04578,682.0
1753532077349,12:14:37.349,ACT/USDT:USDT,0.04575,130.0,0.04574,168.0,0.04578,682.0,0.04579,1648.0
1753532077393,12:14:37.393,ACT/USDT:USDT,0.04575,130.0,0.04574,168.0,0.04578,682.0,0.04579,1268.0
1753532077605,12:14:37.605,ACT/USDT:USDT,0.04575,120.0,0.04574,168.0,0.04578,682.0,0.04579,1268.0
1753532077815,12:14:37.815,ACT/USDT:USDT,0.04575,110.0,0.04574,168.0,0.04578,682.0,0.04579,1268.0
1753532077943,12:14:37.943,ACT/USDT:USDT,0.04575,110.0,0.04574,168.0,0.04577,195.0,0.04578,682.0
1753532078975,12:14:38.975,ACT/USDT:USDT,0.04574,168.0,0.04573,242.0,0.04576,185.0,0.04577,185.0
1753532079028,12:14:39.028,ACT/USDT:USDT,0.04574,157.0,0.04573,156.0,0.04576,185.0,0.04577,185.0
1753532079130,12:14:39.130,ACT/USDT:USDT,0.04574,157.0,0.04573,156.0,0.04577,185.0,0.04578,682.0
1753532079442,12:14:39.442,ACT/USDT:USDT,0.04574,157.0,0.04573,156.0,0.04577,185.0,0.04578,1762.0
1753532079857,12:14:39.857,ACT/USDT:USDT,0.04574,157.0,0.04573,156.0,0.04577,185.0,0.04578,1762.0
1753532081538,12:14:41.538,ACT/USDT:USDT,0.04574,157.0,0.04573,156.0,0.04577,185.0,0.04578,1762.0
1753532082419,12:14:42.419,ACT/USDT:USDT,0.04574,157.0,0.04573,156.0,0.04577,185.0,0.04578,1762.0
1753532083201,12:14:43.201,ACT/USDT:USDT,0.04574,157.0,0.04573,156.0,0.04577,185.0,0.04578,682.0
1753532083865,12:14:43.865,ACT/USDT:USDT,0.04577,110.0,0.04576,110.0,0.04578,188.0,0.04579,1268.0
1753532083957,12:14:43.957,ACT/USDT:USDT,0.04577,110.0,0.04576,110.0,0.04578,188.0,0.04579,1268.0
1753532083982,12:14:43.982,ACT/USDT:USDT,0.04577,110.0,0.04576,110.0,0.04578,188.0,0.04579,1268.0
1753532084146,12:14:44.146,ACT/USDT:USDT,0.04576,110.0,0.04574,240.0,0.04578,198.0,0.04579,1268.0
1753532084217,12:14:44.217,ACT/USDT:USDT,0.04576,110.0,0.04575,155.0,0.04578,198.0,0.04579,1268.0
1753532084342,12:14:44.342,ACT/USDT:USDT,0.04576,110.0,0.04575,163.0,0.04578,198.0,0.04579,1268.0
1753532084459,12:14:44.459,ACT/USDT:USDT,0.04575,8.0,0.04574,155.0,0.04577,205.0,0.04578,188.0
1753532084530,12:14:44.530,ACT/USDT:USDT,0.04574,155.0,0.04573,210.0,0.04577,195.0,0.04578,188.0
1753532084757,12:14:44.757,ACT/USDT:USDT,0.04574,155.0,0.04573,210.0,0.04577,195.0,0.04578,188.0
1753532085175,12:14:45.175,ACT/USDT:USDT,0.04574,165.0,0.04573,210.0,0.04577,195.0,0.04578,188.0
1753532085178,12:14:45.178,ACT/USDT:USDT,0.04574,155.0,0.04573,210.0,0.04577,195.0,0.04578,188.0
1753532086557,12:14:46.557,ACT/USDT:USDT,0.04576,110.0,0.04575,110.0,0.04578,198.0,0.04579,1268.0
1753532086577,12:14:46.577,ACT/USDT:USDT,0.04576,110.0,0.04575,110.0,0.04578,198.0,0.04579,1268.0
1753532086814,12:14:46.814,ACT/USDT:USDT,0.04576,110.0,0.04575,110.0,0.04578,208.0,0.04579,1268.0
1753532087156,12:14:47.156,ACT/USDT:USDT,0.04576,110.0,0.04575,110.0,0.04577,194.0,0.04578,208.0
1753532087225,12:14:47.225,ACT/USDT:USDT,0.04576,110.0,0.04575,110.0,0.04577,194.0,0.04578,208.0
1753532087456,12:14:47.456,ACT/USDT:USDT,0.04576,110.0,0.04575,110.0,0.04577,194.0,0.04578,208.0
1753532088045,12:14:48.045,ACT/USDT:USDT,0.04576,110.0,0.04575,110.0,0.04577,194.0,0.04578,208.0
1753532088262,12:14:48.262,ACT/USDT:USDT,0.04575,110.0,0.04574,155.0,0.04577,194.0,0.04578,208.0
1753532088316,12:14:48.316,ACT/USDT:USDT,0.04575,110.0,0.04574,155.0,0.04577,194.0,0.04578,208.0
1753532088466,12:14:48.466,ACT/USDT:USDT,0.04575,110.0,0.04574,155.0,0.04577,194.0,0.04578,208.0
1753532088883,12:14:48.883,ACT/USDT:USDT,0.04575,110.0,0.04574,155.0,0.04577,194.0,0.04578,208.0
1753532090618,12:14:50.618,ACT/USDT:USDT,0.04575,120.0,0.04574,155.0,0.04578,188.0,0.04579,1268.0
1753532090909,12:14:50.909,ACT/USDT:USDT,0.04575,120.0,0.04574,155.0,0.04578,188.0,0.04579,1268.0
1753532095658,12:14:55.658,ACT/USDT:USDT,0.04575,120.0,0.04574,155.0,0.04578,188.0,0.04579,1268.0
1753532095938,12:14:55.938,ACT/USDT:USDT,0.04577,110.0,0.04576,110.0,0.04579,1278.0,0.0458,564.0
1753532096019,12:14:56.019,ACT/USDT:USDT,0.04577,110.0,0.04576,118.0,0.04579,1278.0,0.0458,564.0
1753532096174,12:14:56.174,ACT/USDT:USDT,0.04577,110.0,0.04576,110.0,0.04579,188.0,0.0458,184.0
1753532096182,12:14:56.182,ACT/USDT:USDT,0.04577,110.0,0.04576,110.0,0.0458,194.0,0.04581,919.0
1753532096287,12:14:56.287,ACT/USDT:USDT,0.04577,110.0,0.04576,110.0,0.0458,194.0,0.04581,919.0
1753532096442,12:14:56.442,ACT/USDT:USDT,0.04577,312.0,0.04576,110.0,0.04581,539.0,0.04582,3288.0
1753532096568,12:14:56.568,ACT/USDT:USDT,0.04577,312.0,0.04576,118.0,0.04581,539.0,0.04582,3288.0
1753532096691,12:14:56.691,ACT/USDT:USDT,0.04577,312.0,0.04576,118.0,0.04581,539.0,0.04582,3288.0
1753532096866,12:14:56.866,ACT/USDT:USDT,0.04577,312.0,0.04576,118.0,0.04581,539.0,0.04582,3288.0
1753532096962,12:14:56.962,ACT/USDT:USDT,0.04577,312.0,0.04576,118.0,0.04581,539.0,0.04582,3288.0
1753532096996,12:14:56.996,ACT/USDT:USDT,0.04577,312.0,0.04576,118.0,0.04581,539.0,0.04582,3288.0
1753532097374,12:14:57.374,ACT/USDT:USDT,0.04578,120.0,0.04577,302.0,0.04581,539.0,0.04582,3288.0
1753532097558,12:14:57.558,ACT/USDT:USDT,0.04578,120.0,0.04577,302.0,0.04581,549.0,0.04582,3288.0
1753532097759,12:14:57.759,ACT/USDT:USDT,0.04579,110.0,0.04578,120.0,0.04581,192.0,0.04582,2208.0
1753532097830,12:14:57.830,ACT/USDT:USDT,0.04579,110.0,0.04578,128.0,0.04581,192.0,0.04582,2208.0
1753532097884,12:14:57.884,ACT/USDT:USDT,0.04579,110.0,0.04578,120.0,0.04581,192.0,0.04582,2208.0
1753532098818,12:14:58.818,ACT/USDT:USDT,0.04579,110.0,0.04578,110.0,0.04581,192.0,0.04582,2208.0
1753532098961,12:14:58.961,ACT/USDT:USDT,0.04579,110.0,0.04578,110.0,0.04581,202.0,0.04582,2208.0
1753532099117,12:14:59.117,ACT/USDT:USDT,0.04578,110.0,0.04577,165.0,0.0458,192.0,0.04581,686.0
1753532099179,12:14:59.179,ACT/USDT:USDT,0.04578,110.0,0.04577,165.0,0.0458,182.0,0.04581,676.0
1753532099458,12:14:59.458,ACT/USDT:USDT,0.04578,110.0,0.04577,165.0,0.0458,182.0,0.04581,676.0
1753532100158,12:15:00.158,ACT/USDT:USDT,0.04578,110.0,0.04577,165.0,0.0458,182.0,0.04581,676.0
1753532100271,12:15:00.271,ACT/USDT:USDT,0.04578,110.0,0.04577,165.0,0.0458,182.0,0.04581,676.0
1753532100475,12:15:00.475,ACT/USDT:USDT,0.04578,110.0,0.04577,165.0,0.0458,182.0,0.04581,676.0
1753532100689,12:15:00.689,ACT/USDT:USDT,0.04578,110.0,0.04577,165.0,0.0458,182.0,0.04581,676.0
1753532100930,12:15:00.930,ACT/USDT:USDT,0.04578,110.0,0.04577,165.0,0.0458,191.0,0.04581,676.0
1753532101117,12:15:01.117,ACT/USDT:USDT,0.04578,110.0,0.04577,165.0,0.0458,191.0,0.04581,676.0
1753532101690,12:15:01.690,ACT/USDT:USDT,0.04578,110.0,0.04577,165.0,0.0458,182.0,0.04581,676.0
1753532101940,12:15:01.940,ACT/USDT:USDT,0.04578,110.0,0.04577,165.0,0.0458,182.0,0.04581,676.0
1753532102455,12:15:02.455,ACT/USDT:USDT,0.04578,110.0,0.04577,165.0,0.0458,191.0,0.04581,676.0
1753532102855,12:15:02.855,ACT/USDT:USDT,0.04579,110.0,0.04578,110.0,0.04581,685.0,0.04582,3288.0
1753532102892,12:15:02.892,ACT/USDT:USDT,0.04579,110.0,0.04578,110.0,0.04581,685.0,0.04582,3288.0
1753532103055,12:15:03.055,ACT/USDT:USDT,0.04579,110.0,0.04578,110.0,0.04581,694.0,0.04582,3288.0
1753532103164,12:15:03.164,ACT/USDT:USDT,0.04579,110.0,0.04578,110.0,0.04581,694.0,0.04582,3288.0
1753532104062,12:15:04.062,ACT/USDT:USDT,0.04579,110.0,0.04578,110.0,0.04581,685.0,0.04582,3288.0
1753532104756,12:15:04.756,ACT/USDT:USDT,0.04579,110.0,0.04578,110.0,0.0458,191.0,0.04581,676.0
1753532104866,12:15:04.866,ACT/USDT:USDT,0.04578,110.0,0.04575,245.0,0.0458,191.0,0.04581,676.0
1753532104927,12:15:04.927,ACT/USDT:USDT,0.04578,110.0,0.04577,155.0,0.0458,191.0,0.04581,676.0
1753532105959,12:15:05.959,ACT/USDT:USDT,0.04577,155.0,0.04575,245.0,0.0458,200.0,0.04581,676.0
1753532106045,12:15:06.045,ACT/USDT:USDT,0.04577,155.0,0.04576,155.0,0.04579,201.0,0.0458,182.0
1753532106088,12:15:06.088,ACT/USDT:USDT,0.04577,155.0,0.04576,163.0,0.04579,201.0,0.0458,182.0
1753532106258,12:15:06.258,ACT/USDT:USDT,0.04577,155.0,0.04576,163.0,0.04579,201.0,0.0458,182.0
1753532106462,12:15:06.462,ACT/USDT:USDT,0.04577,155.0,0.04576,163.0,0.04579,201.0,0.0458,182.0
1753532106881,12:15:06.881,ACT/USDT:USDT,0.04577,155.0,0.04576,163.0,0.04579,201.0,0.0458,182.0
1753532107227,12:15:07.227,ACT/USDT:USDT,0.04577,155.0,0.04576,163.0,0.04579,201.0,0.0458,182.0
1753532107347,12:15:07.347,ACT/USDT:USDT,0.04577,155.0,0.04576,163.0,0.04579,201.0,0.0458,182.0
1753532108028,12:15:08.028,ACT/USDT:USDT,0.04577,155.0,0.04576,163.0,0.04579,201.0,0.0458,182.0
1753532108131,12:15:08.131,ACT/USDT:USDT,0.04577,155.0,0.04576,163.0,0.04579,201.0,0.0458,182.0
1753532108955,12:15:08.955,ACT/USDT:USDT,0.04577,155.0,0.04576,163.0,0.04579,201.0,0.0458,182.0
1753532109467,12:15:09.467,ACT/USDT:USDT,0.04577,110.0,0.04576,163.0,0.04579,1098.0,0.0458,182.0
1753532109799,12:15:09.799,ACT/USDT:USDT,0.04577,110.0,0.04576,163.0,0.04579,1098.0,0.0458,182.0
1753532109964,12:15:09.964,ACT/USDT:USDT,0.04577,110.0,0.04576,163.0,0.04579,1098.0,0.0458,182.0
1753532110068,12:15:10.068,ACT/USDT:USDT,0.04577,110.0,0.04576,163.0,0.04579,1089.0,0.0458,182.0
1753532110225,12:15:10.225,ACT/USDT:USDT,0.04577,110.0,0.04576,163.0,0.04579,1098.0,0.0458,182.0
1753532110558,12:15:10.558,ACT/USDT:USDT,0.04578,110.0,0.04577,119.0,0.0458,182.0,0.04581,676.0
1753532110643,12:15:10.643,ACT/USDT:USDT,0.04578,110.0,0.04577,110.0,0.0458,200.0,0.04581,676.0
1753532110689,12:15:10.689,ACT/USDT:USDT,0.04578,110.0,0.04577,110.0,0.0458,200.0,0.04581,676.0
1753532111062,12:15:11.062,ACT/USDT:USDT,0.04578,110.0,0.04577,110.0,0.0458,200.0,0.04581,676.0
1753532111478,12:15:11.478,ACT/USDT:USDT,0.04578,110.0,0.04577,110.0,0.0458,200.0,0.04581,676.0
1753532112624,12:15:12.624,ACT/USDT:USDT,0.04578,110.0,0.04577,110.0,0.0458,200.0,0.04581,676.0
1753532113457,12:15:13.457,ACT/USDT:USDT,0.04578,110.0,0.04577,110.0,0.0458,191.0,0.04581,676.0
1753532113522,12:15:13.522,ACT/USDT:USDT,0.04578,110.0,0.04577,110.0,0.0458,191.0,0.04581,676.0
1753532113906,12:15:13.906,ACT/USDT:USDT,0.04578,110.0,0.04577,110.0,0.0458,200.0,0.04581,676.0
1753532114327,12:15:14.327,ACT/USDT:USDT,0.04578,110.0,0.04577,110.0,0.0458,200.0,0.04581,676.0
1753532115220,12:15:15.220,ACT/USDT:USDT,0.04576,155.0,0.04575,190.0,0.04579,201.0,0.0458,182.0
1753532115285,12:15:15.285,ACT/USDT:USDT,0.04576,155.0,0.04575,337.0,0.04579,201.0,0.0458,182.0
1753532115382,12:15:15.382,ACT/USDT:USDT,0.04576,163.0,0.04575,337.0,0.04579,201.0,0.0458,182.0
1753532115544,12:15:15.544,ACT/USDT:USDT,0.04576,163.0,0.04575,337.0,0.04579,201.0,0.0458,182.0
1753532115962,12:15:15.962,ACT/USDT:USDT,0.04576,163.0,0.04575,337.0,0.04579,201.0,0.0458,182.0
1753532124068,12:15:24.068,ACT/USDT:USDT,0.04576,163.0,0.04575,337.0,0.04579,201.0,0.0458,182.0
1753532124170,12:15:24.170,ACT/USDT:USDT,0.04577,181.0,0.04576,344.0,0.04582,2143.0,0.04583,1854.0
1753532124273,12:15:24.273,ACT/USDT:USDT,0.04577,181.0,0.04576,344.0,0.04583,381.0,0.04584,185.0
1753532124371,12:15:24.371,ACT/USDT:USDT,0.0458,168.0,0.04579,340.0,0.04583,381.0,0.04584,565.0
1753532124470,12:15:24.470,ACT/USDT:USDT,0.04581,119.0,0.0458,176.0,0.04582,181.0,0.04583,381.0
1753532124555,12:15:24.555,ACT/USDT:USDT,0.04581,110.0,0.0458,168.0,0.04582,181.0,0.04583,1.0
1753532124674,12:15:24.674,ACT/USDT:USDT,0.04581,110.0,0.0458,168.0,0.04582,181.0,0.04583,1.0
1753532124682,12:15:24.682,ACT/USDT:USDT,0.04581,110.0,0.0458,168.0,0.04582,181.0,0.04583,1.0
1753532124967,12:15:24.967,ACT/USDT:USDT,0.04581,119.0,0.0458,168.0,0.04583,1.0,0.04584,185.0
1753532125067,12:15:25.067,ACT/USDT:USDT,0.04581,119.0,0.0458,168.0,0.04583,1.0,0.04584,185.0
1753532125172,12:15:25.172,ACT/USDT:USDT,0.04582,110.0,0.04581,119.0,0.04583,1.0,0.04584,194.0
1753532125274,12:15:25.274,ACT/USDT:USDT,0.04582,110.0,0.04581,119.0,0.04583,182.0,0.04584,185.0
1753532125365,12:15:25.365,ACT/USDT:USDT,0.04582,110.0,0.04581,119.0,0.04583,182.0,0.04584,203.0
1753532125418,12:15:25.418,ACT/USDT:USDT,0.04582,110.0,0.04581,110.0,0.04583,182.0,0.04584,203.0
1753532125524,12:15:25.524,ACT/USDT:USDT,0.04582,110.0,0.04581,119.0,0.04583,182.0,0.04584,194.0
1753532125670,12:15:25.670,ACT/USDT:USDT,0.04582,110.0,0.04581,119.0,0.04583,182.0,0.04584,194.0
1753532125806,12:15:25.806,ACT/USDT:USDT,0.04582,110.0,0.04581,110.0,0.04583,182.0,0.04584,194.0
1753532125882,12:15:25.882,ACT/USDT:USDT,0.04582,110.0,0.04581,110.0,0.04583,182.0,0.04584,194.0
1753532126136,12:15:26.136,ACT/USDT:USDT,0.04582,110.0,0.04581,119.0,0.04583,182.0,0.04584,194.0
1753532126569,12:15:26.569,ACT/USDT:USDT,0.04581,110.0,0.04577,236.0,0.04582,110.0,0.04583,182.0
1753532126665,12:15:26.665,ACT/USDT:USDT,0.04581,110.0,0.04577,236.0,0.04582,308.0,0.04583,200.0
1753532126796,12:15:26.796,ACT/USDT:USDT,0.04581,110.0,0.0458,155.0,0.04582,317.0,0.04583,200.0
1753532127023,12:15:27.023,ACT/USDT:USDT,0.04581,110.0,0.0458,155.0,0.04582,308.0,0.04583,200.0
1753532128167,12:15:28.167,ACT/USDT:USDT,0.0458,155.0,0.04579,155.0,0.04582,317.0,0.04583,200.0
1753532128217,12:15:28.217,ACT/USDT:USDT,0.0458,155.0,0.04579,155.0,0.04582,317.0,0.04583,200.0
1753532128284,12:15:28.284,ACT/USDT:USDT,0.0458,155.0,0.04579,155.0,0.04582,317.0,0.04583,200.0
1753532128409,12:15:28.409,ACT/USDT:USDT,0.0458,155.0,0.04579,155.0,0.04581,198.0,0.04582,317.0
1753532128482,12:15:28.482,ACT/USDT:USDT,0.0458,155.0,0.04579,155.0,0.04581,198.0,0.04582,317.0
1753532128601,12:15:28.601,ACT/USDT:USDT,0.0458,155.0,0.04579,155.0,0.04581,189.0,0.04582,308.0
1753532128702,12:15:28.702,ACT/USDT:USDT,0.0458,155.0,0.04579,155.0,0.04581,189.0,0.04582,308.0
1753532129124,12:15:29.124,ACT/USDT:USDT,0.0458,155.0,0.04579,155.0,0.04581,189.0,0.04582,308.0
1753532130399,12:15:30.399,ACT/USDT:USDT,0.0458,155.0,0.04579,155.0,0.04582,308.0,0.04583,182.0
1753532130488,12:15:30.488,ACT/USDT:USDT,0.0458,155.0,0.04579,155.0,0.04582,299.0,0.04583,182.0
1753532130775,12:15:30.775,ACT/USDT:USDT,0.04581,110.0,0.0458,155.0,0.04582,299.0,0.04583,182.0
1753532130806,12:15:30.806,ACT/USDT:USDT,0.04581,110.0,0.0458,155.0,0.04582,299.0,0.04583,182.0
1753532130926,12:15:30.926,ACT/USDT:USDT,0.04581,110.0,0.0458,155.0,0.04582,299.0,0.04583,182.0
1753532131206,12:15:31.206,ACT/USDT:USDT,0.04581,110.0,0.0458,155.0,0.04582,299.0,0.04583,182.0
1753532131279,12:15:31.279,ACT/USDT:USDT,0.04581,110.0,0.0458,155.0,0.04582,308.0,0.04583,182.0
1753532132064,12:15:32.064,ACT/USDT:USDT,0.04581,110.0,0.0458,155.0,0.04582,189.0,0.04583,182.0
1753532132146,12:15:32.146,ACT/USDT:USDT,0.04581,299.0,0.0458,155.0,0.04583,1.0,0.04585,182.0
1753532132215,12:15:32.215,ACT/USDT:USDT,0.04581,316.0,0.0458,155.0,0.04583,1.0,0.04585,182.0
1753532132362,12:15:32.362,ACT/USDT:USDT,0.04581,316.0,0.0458,210.0,0.04583,1.0,0.04585,182.0
1753532132572,12:15:32.572,ACT/USDT:USDT,0.04581,316.0,0.0458,210.0,0.04583,1.0,0.04585,182.0
1753532132839,12:15:32.839,ACT/USDT:USDT,0.04582,110.0,0.04581,118.0,0.04583,1.0,0.04585,182.0
1753532132896,12:15:32.896,ACT/USDT:USDT,0.04582,110.0,0.04581,110.0,0.04583,1.0,0.04585,182.0
1753532133073,12:15:33.073,ACT/USDT:USDT,0.04581,110.0,0.0458,55.0,0.04583,1.0,0.04585,182.0
1753532133102,12:15:33.102,ACT/USDT:USDT,0.0458,55.0,0.04577,181.0,0.04583,19.0,0.04585,182.0
1753532133223,12:15:33.223,ACT/USDT:USDT,0.0458,55.0,0.04577,181.0,0.04583,208.0,0.04585,182.0
1753532133321,12:15:33.321,ACT/USDT:USDT,0.0458,64.0,0.04579,155.0,0.04583,199.0,0.04585,182.0
1753532133465,12:15:33.465,ACT/USDT:USDT,0.04579,155.0,0.04578,55.0,0.04583,208.0,0.04585,182.0
1753532133519,12:15:33.519,ACT/USDT:USDT,0.04579,155.0,0.04578,155.0,0.04583,199.0,0.04585,182.0
1753532133598,12:15:33.598,ACT/USDT:USDT,0.04579,155.0,0.04578,163.0,0.04583,190.0,0.04585,182.0
1753532134258,12:15:34.258,ACT/USDT:USDT,0.0458,110.0,0.04579,155.0,0.04582,189.0,0.04583,190.0
1753532134354,12:15:34.354,ACT/USDT:USDT,0.0458,110.0,0.04579,155.0,0.04582,189.0,0.04583,190.0
1753532135275,12:15:35.275,ACT/USDT:USDT,0.0458,119.0,0.04579,155.0,0.04582,189.0,0.04583,190.0
1753532135629,12:15:35.629,ACT/USDT:USDT,0.0458,119.0,0.04579,155.0,0.04582,189.0,0.04583,190.0
1753532137787,12:15:37.787,ACT/USDT:USDT,0.0458,119.0,0.04579,155.0,0.04582,189.0,0.04583,190.0
1753532141976,12:15:41.976,ACT/USDT:USDT,0.0458,119.0,0.04579,155.0,0.04582,189.0,0.04583,190.0
1753532142039,12:15:42.039,ACT/USDT:USDT,0.0458,110.0,0.04579,155.0,0.04582,948.0,0.04583,2529.0
1753532142078,12:15:42.078,ACT/USDT:USDT,0.0458,110.0,0.04579,155.0,0.04582,948.0,0.04583,2529.0
1753532143299,12:15:43.299,ACT/USDT:USDT,0.0458,110.0,0.04579,155.0,0.04582,948.0,0.04583,2529.0
1753532147769,12:15:47.769,ACT/USDT:USDT,0.0458,110.0,0.04579,155.0,0.04582,948.0,0.04583,2529.0
1753532147780,12:15:47.780,ACT/USDT:USDT,0.0458,110.0,0.04579,155.0,0.04582,189.0,0.04583,2529.0
1753532149435,12:15:49.435,ACT/USDT:USDT,0.0458,119.0,0.04579,155.0,0.04582,189.0,0.04583,2529.0
1753532149858,12:15:49.858,ACT/USDT:USDT,0.04579,155.0,0.04578,8.0,0.04581,185.0,0.04582,1278.0
1753532149886,12:15:49.886,ACT/USDT:USDT,0.04579,155.0,0.04577,181.0,0.04581,185.0,0.04582,1278.0
1753532150005,12:15:50.005,ACT/USDT:USDT,0.04579,155.0,0.04578,156.0,0.04581,185.0,0.04582,1278.0
1753532150170,12:15:50.170,ACT/USDT:USDT,0.04579,155.0,0.04578,164.0,0.04581,185.0,0.04582,1278.0
1753532150240,12:15:50.240,ACT/USDT:USDT,0.04579,164.0,0.04578,164.0,0.04582,189.0,0.04583,1270.0
1753532150320,12:15:50.320,ACT/USDT:USDT,0.04579,164.0,0.04578,164.0,0.04582,189.0,0.04583,1270.0
1753532150605,12:15:50.605,ACT/USDT:USDT,0.04579,164.0,0.04578,164.0,0.04582,189.0,0.04583,1270.0
1753532151040,12:15:51.040,ACT/USDT:USDT,0.04579,164.0,0.04578,164.0,0.04582,189.0,0.04583,1270.0
1753532151139,12:15:51.139,ACT/USDT:USDT,0.04579,164.0,0.04578,164.0,0.04582,189.0,0.04583,1270.0
1753532152438,12:15:52.438,ACT/USDT:USDT,0.04579,349.0,0.04578,164.0,0.04583,1270.0,0.04585,1911.0
1753532152498,12:15:52.498,ACT/USDT:USDT,0.04579,349.0,0.04578,164.0,0.04583,1270.0,0.04585,720.0
1753532153065,12:15:53.065,ACT/USDT:USDT,0.04579,349.0,0.04578,164.0,0.04583,1270.0,0.04585,720.0
1753532153673,12:15:53.673,ACT/USDT:USDT,0.04579,349.0,0.04578,164.0,0.04583,1270.0,0.04585,720.0
1753532153678,12:15:53.678,ACT/USDT:USDT,0.04579,349.0,0.04578,164.0,0.04583,1270.0,0.04585,720.0
1753532160261,12:16:00.261,ACT/USDT:USDT,0.04579,164.0,0.04578,164.0,0.04582,186.0,0.04583,1270.0
1753532160362,12:16:00.362,ACT/USDT:USDT,0.04579,155.0,0.04578,164.0,0.04581,186.0,0.04582,841.0
1753532160401,12:16:00.401,ACT/USDT:USDT,0.04579,155.0,0.04578,164.0,0.04581,186.0,0.04582,186.0
1753532160535,12:16:00.535,ACT/USDT:USDT,0.04579,155.0,0.04578,164.0,0.04582,186.0,0.04583,1270.0
1753532160738,12:16:00.738,ACT/USDT:USDT,0.04579,164.0,0.04578,164.0,0.04581,186.0,0.04582,841.0
1753532160851,12:16:00.851,ACT/USDT:USDT,0.04579,164.0,0.04578,164.0,0.04581,186.0,0.04582,186.0
1753532160898,12:16:00.898,ACT/USDT:USDT,0.0458,110.0,0.04579,164.0,0.04582,195.0,0.04583,1270.0
1753532160991,12:16:00.991,ACT/USDT:USDT,0.0458,110.0,0.04579,164.0,0.04582,195.0,0.04583,1270.0
1753532161171,12:16:01.171,ACT/USDT:USDT,0.0458,110.0,0.04579,164.0,0.04582,195.0,0.04583,1270.0
1753532161261,12:16:01.261,ACT/USDT:USDT,0.0458,110.0,0.04579,164.0,0.04582,186.0,0.04583,1270.0
1753532161448,12:16:01.448,ACT/USDT:USDT,0.0458,110.0,0.04579,164.0,0.04582,195.0,0.04583,1270.0
1753532161738,12:16:01.738,ACT/USDT:USDT,0.0458,110.0,0.04579,164.0,0.04581,186.0,0.04582,195.0
1753532161788,12:16:01.788,ACT/USDT:USDT,0.0458,110.0,0.04579,164.0,0.04581,186.0,0.04582,195.0
1753532162430,12:16:02.430,ACT/USDT:USDT,0.0458,110.0,0.04579,164.0,0.04581,186.0,0.04582,195.0
1753532164438,12:16:04.438,ACT/USDT:USDT,0.0458,110.0,0.04579,164.0,0.04582,186.0,0.04583,1270.0
1753532164504,12:16:04.504,ACT/USDT:USDT,0.0458,110.0,0.04579,155.0,0.04582,186.0,0.04583,1270.0
1753532165358,12:16:05.358,ACT/USDT:USDT,0.0458,110.0,0.04579,155.0,0.04582,195.0,0.04583,1270.0
1753532165408,12:16:05.408,ACT/USDT:USDT,0.0458,110.0,0.04579,155.0,0.04581,186.0,0.04582,195.0
1753532165482,12:16:05.482,ACT/USDT:USDT,0.0458,110.0,0.04579,155.0,0.04581,186.0,0.04582,195.0
1753532165777,12:16:05.777,ACT/USDT:USDT,0.0458,110.0,0.04579,155.0,0.04581,186.0,0.04582,195.0
1753532166241,12:16:06.241,ACT/USDT:USDT,0.0458,110.0,0.04579,155.0,0.04581,186.0,0.04582,195.0
1753532166448,12:16:06.448,ACT/USDT:USDT,0.0458,110.0,0.04579,155.0,0.04581,186.0,0.04582,195.0
1753532168169,12:16:08.169,ACT/USDT:USDT,0.04581,110.0,0.0458,110.0,0.04582,195.0,0.04583,190.0
1753532168181,12:16:08.181,ACT/USDT:USDT,0.04581,110.0,0.0458,110.0,0.04582,195.0,0.04583,1270.0
1753532168619,12:16:08.619,ACT/USDT:USDT,0.04581,110.0,0.0458,110.0,0.04582,195.0,0.04583,1270.0
1753532169077,12:16:09.077,ACT/USDT:USDT,0.04581,110.0,0.0458,110.0,0.04582,195.0,0.04583,1270.0
1753532169236,12:16:09.236,ACT/USDT:USDT,0.0458,110.0,0.04579,156.0,0.04581,110.0,0.04582,195.0
1753532169951,12:16:09.951,ACT/USDT:USDT,0.0458,119.0,0.04579,156.0,0.04581,110.0,0.04582,186.0
1753532170338,12:16:10.338,ACT/USDT:USDT,0.0458,119.0,0.04579,156.0,0.04581,110.0,0.04582,186.0
1753532170669,12:16:10.669,ACT/USDT:USDT,0.0458,110.0,0.04579,156.0,0.04581,110.0,0.04582,186.0
1753532171094,12:16:11.094,ACT/USDT:USDT,0.0458,119.0,0.04579,156.0,0.04581,110.0,0.04582,186.0
1753532171707,12:16:11.707,ACT/USDT:USDT,0.04581,110.0,0.0458,119.0,0.04582,186.0,0.04583,1270.0
1753532171962,12:16:11.962,ACT/USDT:USDT,0.0458,110.0,0.04579,156.0,0.04581,110.0,0.04582,195.0
1753532171992,12:16:11.992,ACT/USDT:USDT,0.0458,110.0,0.04579,156.0,0.04581,110.0,0.04582,186.0
1753532173858,12:16:13.858,ACT/USDT:USDT,0.0458,110.0,0.04579,156.0,0.04581,110.0,0.04582,186.0
1753532174014,12:16:14.014,ACT/USDT:USDT,0.0458,110.0,0.04579,156.0,0.04581,110.0,0.04582,186.0
1753532174430,12:16:14.430,ACT/USDT:USDT,0.0458,110.0,0.04579,156.0,0.04581,110.0,0.04582,186.0
1753532176089,12:16:16.089,ACT/USDT:USDT,0.0458,110.0,0.04579,156.0,0.04581,110.0,0.04582,186.0
1753532176454,12:16:16.454,ACT/USDT:USDT,0.0458,110.0,0.04579,156.0,0.04581,110.0,0.04582,186.0
1753532181398,12:16:21.398,ACT/USDT:USDT,0.04581,110.0,0.0458,119.0,0.04582,186.0,0.04583,2003.0
1753532181485,12:16:21.485,ACT/USDT:USDT,0.04581,110.0,0.0458,119.0,0.04582,186.0,0.04583,2003.0
1753532181588,12:16:21.588,ACT/USDT:USDT,0.04581,110.0,0.0458,119.0,0.04582,186.0,0.04583,2003.0
1753532181742,12:16:21.742,ACT/USDT:USDT,0.0458,110.0,0.04579,157.0,0.04581,110.0,0.04582,195.0
1753532181858,12:16:21.858,ACT/USDT:USDT,0.04579,157.0,0.04578,157.0,0.0458,110.0,0.04581,119.0
1753532181914,12:16:21.914,ACT/USDT:USDT,0.04579,157.0,0.04578,157.0,0.0458,110.0,0.04581,119.0
1753532181987,12:16:21.987,ACT/USDT:USDT,0.04579,157.0,0.04578,157.0,0.0458,110.0,0.04581,119.0
1753532182124,12:16:22.124,ACT/USDT:USDT,0.04579,157.0,0.04578,157.0,0.0458,110.0,0.04581,119.0
1753532183958,12:16:23.958,ACT/USDT:USDT,0.0458,110.0,0.04579,157.0,0.04581,110.0,0.04582,186.0
1753532183998,12:16:23.998,ACT/USDT:USDT,0.0458,110.0,0.04579,157.0,0.04581,119.0,0.04582,186.0
1753532184152,12:16:24.152,ACT/USDT:USDT,0.0458,110.0,0.04579,157.0,0.04581,119.0,0.04582,186.0
1753532184294,12:16:24.294,ACT/USDT:USDT,0.0458,110.0,0.04579,157.0,0.04581,110.0,0.04582,186.0
1753532185135,12:16:25.135,ACT/USDT:USDT,0.04579,157.0,0.04578,157.0,0.04581,119.0,0.04582,186.0
1753532185182,12:16:25.182,ACT/USDT:USDT,0.04579,157.0,0.04578,165.0,0.04581,119.0,0.04582,186.0
1753532185970,12:16:25.970,ACT/USDT:USDT,0.04579,157.0,0.04578,165.0,0.04581,119.0,0.04582,186.0
1753532186231,12:16:26.231,ACT/USDT:USDT,0.04579,157.0,0.04578,165.0,0.04581,119.0,0.04582,186.0
1753532186604,12:16:26.604,ACT/USDT:USDT,0.04579,157.0,0.04578,165.0,0.04581,119.0,0.04582,186.0
1753532187114,12:16:27.114,ACT/USDT:USDT,0.04579,157.0,0.04578,165.0,0.04581,128.0,0.04582,186.0
1753532187364,12:16:27.364,ACT/USDT:USDT,0.04579,157.0,0.04578,165.0,0.04581,128.0,0.04582,186.0
1753532187378,12:16:27.378,ACT/USDT:USDT,0.04579,157.0,0.04578,165.0,0.04581,119.0,0.04582,186.0
1753532187512,12:16:27.512,ACT/USDT:USDT,0.04579,157.0,0.04578,165.0,0.04581,306.0,0.04582,186.0
1753532188408,12:16:28.408,ACT/USDT:USDT,0.04579,157.0,0.04578,165.0,0.04581,315.0,0.04582,186.0
1753532189851,12:16:29.851,ACT/USDT:USDT,0.0458,110.0,0.04579,157.0,0.04581,306.0,0.04582,186.0
1753532189921,12:16:29.921,ACT/USDT:USDT,0.0458,110.0,0.04579,157.0,0.04581,306.0,0.04582,186.0
1753532189982,12:16:29.982,ACT/USDT:USDT,0.0458,110.0,0.04579,157.0,0.04581,306.0,0.04582,186.0
1753532190235,12:16:30.235,ACT/USDT:USDT,0.0458,110.0,0.04579,157.0,0.04581,306.0,0.04582,186.0
1753532191848,12:16:31.848,ACT/USDT:USDT,0.04579,157.0,0.04577,236.0,0.0458,110.0,0.04581,306.0
1753532191880,12:16:31.880,ACT/USDT:USDT,0.04579,157.0,0.04578,157.0,0.0458,110.0,0.04581,306.0
1753532192271,12:16:32.271,ACT/USDT:USDT,0.04579,157.0,0.04578,157.0,0.0458,110.0,0.04581,306.0
1753532194457,12:16:34.457,ACT/USDT:USDT,0.04579,157.0,0.04578,157.0,0.0458,110.0,0.04581,297.0
1753532197838,12:16:37.838,ACT/USDT:USDT,0.04579,157.0,0.04578,157.0,0.0458,110.0,0.04581,297.0
1753532200875,12:16:40.875,ACT/USDT:USDT,0.04579,166.0,0.04578,157.0,0.0458,110.0,0.04581,297.0
1753532200952,12:16:40.952,ACT/USDT:USDT,0.04579,166.0,0.04578,157.0,0.0458,110.0,0.04581,297.0
1753532201917,12:16:41.917,ACT/USDT:USDT,0.0458,119.0,0.04579,157.0,0.04581,110.0,0.04582,186.0
1753532201994,12:16:41.994,ACT/USDT:USDT,0.0458,110.0,0.04579,157.0,0.04581,110.0,0.04582,186.0
1753532202086,12:16:42.086,ACT/USDT:USDT,0.0458,110.0,0.04579,157.0,0.04581,110.0,0.04582,186.0
1753532202375,12:16:42.375,ACT/USDT:USDT,0.0458,110.0,0.04579,157.0,0.04581,119.0,0.04582,186.0
1753532202595,12:16:42.595,ACT/USDT:USDT,0.0458,110.0,0.04579,157.0,0.04582,195.0,0.04583,2003.0
1753532202699,12:16:42.699,ACT/USDT:USDT,0.0458,110.0,0.04579,157.0,0.04582,204.0,0.04583,1270.0
1753532203272,12:16:43.272,ACT/USDT:USDT,0.04581,110.0,0.0458,119.0,0.04582,9.0,0.04583,1270.0
1753532203347,12:16:43.347,ACT/USDT:USDT,0.04581,110.0,0.0458,110.0,0.04583,1279.0,0.04584,1542.0
1753532203597,12:16:43.597,ACT/USDT:USDT,0.04581,110.0,0.0458,110.0,0.04583,1279.0,0.04584,1542.0
1753532204420,12:16:44.420,ACT/USDT:USDT,0.04581,110.0,0.0458,110.0,0.04583,1279.0,0.04584,1542.0
1753532204759,12:16:44.759,ACT/USDT:USDT,0.04581,119.0,0.0458,110.0,0.04583,190.0,0.04584,1542.0
1753532205075,12:16:45.075,ACT/USDT:USDT,0.04581,119.0,0.0458,110.0,0.04583,199.0,0.04584,1542.0
1753532205720,12:16:45.720,ACT/USDT:USDT,0.04581,119.0,0.0458,110.0,0.04583,190.0,0.04585,2671.0
1753532205782,12:16:45.782,ACT/USDT:USDT,0.04581,119.0,0.0458,118.0,0.04583,199.0,0.04585,2671.0
1753532206500,12:16:46.500,ACT/USDT:USDT,0.04581,119.0,0.0458,118.0,0.04583,199.0,0.04585,2671.0
1753532206638,12:16:46.638,ACT/USDT:USDT,0.04581,110.0,0.0458,118.0,0.04583,208.0,0.04585,2671.0
1753532206695,12:16:46.695,ACT/USDT:USDT,0.04581,119.0,0.0458,118.0,0.04583,199.0,0.04585,2671.0
1753532206778,12:16:46.778,ACT/USDT:USDT,0.04581,119.0,0.0458,118.0,0.04583,199.0,0.04585,2671.0
1753532207759,12:16:47.759,ACT/USDT:USDT,0.04581,119.0,0.0458,118.0,0.04583,190.0,0.04585,1911.0
1753532208408,12:16:48.408,ACT/USDT:USDT,0.04581,119.0,0.0458,118.0,0.04583,199.0,0.04585,1911.0
1753532211796,12:16:51.796,ACT/USDT:USDT,0.04581,119.0,0.0458,118.0,0.04583,190.0,0.04585,1911.0
1753532218725,12:16:58.725,ACT/USDT:USDT,0.04581,119.0,0.0458,118.0,0.04583,199.0,0.04585,1911.0
1753532218783,12:16:58.783,ACT/USDT:USDT,0.04581,119.0,0.0458,118.0,0.04583,190.0,0.04585,1911.0
1753532219054,12:16:59.054,ACT/USDT:USDT,0.04581,110.0,0.0458,118.0,0.04583,199.0,0.04585,1911.0
1753532219158,12:16:59.158,ACT/USDT:USDT,0.0458,118.0,0.04579,339.0,0.04583,208.0,0.04585,1911.0
1753532219408,12:16:59.408,ACT/USDT:USDT,0.0458,118.0,0.04579,339.0,0.04583,208.0,0.04585,1911.0
1753532219556,12:16:59.556,ACT/USDT:USDT,0.04581,110.0,0.0458,127.0,0.04582,185.0,0.04583,199.0
1753532219584,12:16:59.584,ACT/USDT:USDT,0.04581,110.0,0.0458,119.0,0.04582,185.0,0.04583,199.0
1753532220235,12:17:00.235,ACT/USDT:USDT,0.04581,110.0,0.0458,119.0,0.04582,185.0,0.04583,199.0
1753532220724,12:17:00.724,ACT/USDT:USDT,0.04581,110.0,0.0458,119.0,0.04583,208.0,0.04585,1911.0
1753532221072,12:17:01.072,ACT/USDT:USDT,0.04581,119.0,0.0458,110.0,0.04583,199.0,0.04585,1911.0
1753532221092,12:17:01.092,ACT/USDT:USDT,0.04581,119.0,0.0458,110.0,0.04583,190.0,0.04585,1911.0
1753532221448,12:17:01.448,ACT/USDT:USDT,0.04581,119.0,0.0458,110.0,0.04583,199.0,0.04585,1911.0
1753532221506,12:17:01.506,ACT/USDT:USDT,0.04581,119.0,0.0458,110.0,0.04583,199.0,0.04585,1911.0
1753532223598,12:17:03.598,ACT/USDT:USDT,0.04581,119.0,0.0458,110.0,0.04583,190.0,0.04585,1911.0
1753532223965,12:17:03.965,ACT/USDT:USDT,0.04581,119.0,0.0458,110.0,0.04583,199.0,0.04585,1911.0
1753532226764,12:17:06.764,ACT/USDT:USDT,0.04582,110.0,0.04581,119.0,0.04583,10.0,0.04585,1911.0
1753532226843,12:17:06.843,ACT/USDT:USDT,0.04582,110.0,0.04581,119.0,0.04583,10.0,0.04585,1911.0
1753532227152,12:17:07.152,ACT/USDT:USDT,0.04582,119.0,0.04581,110.0,0.04583,1.0,0.04585,1911.0
1753532227260,12:17:07.260,ACT/USDT:USDT,0.04582,119.0,0.04581,110.0,0.04583,1.0,0.04585,1911.0
1753532227604,12:17:07.604,ACT/USDT:USDT,0.04582,110.0,0.04581,110.0,0.04583,1.0,0.04585,1911.0
1753532231758,12:17:11.758,ACT/USDT:USDT,0.04582,110.0,0.04581,110.0,0.04583,1.0,0.04585,1911.0
1753532231817,12:17:11.817,ACT/USDT:USDT,0.04582,110.0,0.04581,110.0,0.04583,1.0,0.04585,1911.0
1753532232530,12:17:12.530,ACT/USDT:USDT,0.04582,110.0,0.04581,110.0,0.04583,1.0,0.04585,1911.0
1753532234545,12:17:14.545,ACT/USDT:USDT,0.04582,110.0,0.04581,110.0,0.04583,10.0,0.04585,1911.0
1753532236121,12:17:16.121,ACT/USDT:USDT,0.04582,110.0,0.04581,110.0,0.04583,198.0,0.04585,1911.0
1753532236262,12:17:16.262,ACT/USDT:USDT,0.04581,110.0,0.04579,243.0,0.04583,198.0,0.04585,1911.0
1753532236368,12:17:16.368,ACT/USDT:USDT,0.04581,110.0,0.0458,158.0,0.04583,207.0,0.04585,1911.0
1753532236436,12:17:16.436,ACT/USDT:USDT,0.04581,110.0,0.0458,166.0,0.04583,198.0,0.04585,1911.0
1753532236585,12:17:16.585,ACT/USDT:USDT,0.04581,110.0,0.0458,166.0,0.04583,198.0,0.04585,1911.0
1753532236794,12:17:16.794,ACT/USDT:USDT,0.04581,119.0,0.0458,166.0,0.04583,189.0,0.04585,1911.0
1753532236938,12:17:16.938,ACT/USDT:USDT,0.04581,119.0,0.0458,166.0,0.04583,189.0,0.04585,1911.0
1753532237448,12:17:17.448,ACT/USDT:USDT,0.04581,119.0,0.0458,166.0,0.04583,189.0,0.04585,1911.0
1753532237558,12:17:17.558,ACT/USDT:USDT,0.04581,119.0,0.0458,166.0,0.04583,189.0,0.04585,1911.0
1753532237885,12:17:17.885,ACT/USDT:USDT,0.04581,119.0,0.0458,166.0,0.04583,189.0,0.04585,1911.0
1753532239802,12:17:19.802,ACT/USDT:USDT,0.04581,110.0,0.0458,166.0,0.04583,198.0,0.04585,1911.0
1753532240937,12:17:20.937,ACT/USDT:USDT,0.04582,110.0,0.04581,110.0,0.04583,189.0,0.04585,1911.0
1753532241001,12:17:21.001,ACT/USDT:USDT,0.04582,110.0,0.04581,110.0,0.04583,189.0,0.04585,1911.0
1753532241118,12:17:21.118,ACT/USDT:USDT,0.04582,110.0,0.04581,110.0,0.04583,189.0,0.04585,1911.0
1753532241532,12:17:21.532,ACT/USDT:USDT,0.04582,110.0,0.04581,110.0,0.04583,189.0,0.04585,1911.0
1753532247470,12:17:27.470,ACT/USDT:USDT,0.04579,8.0,0.04578,343.0,0.04582,291.0,0.04583,189.0
1753532247526,12:17:27.526,ACT/USDT:USDT,0.04578,351.0,0.04577,394.0,0.04582,291.0,0.04583,189.0
1753532247642,12:17:27.642,ACT/USDT:USDT,0.04578,351.0,0.04577,394.0,0.04582,291.0,0.04583,189.0
1753532248470,12:17:28.470,ACT/USDT:USDT,0.04578,351.0,0.04577,394.0,0.04582,291.0,0.04583,189.0
1753532248589,12:17:28.589,ACT/USDT:USDT,0.04578,351.0,0.04577,394.0,0.04582,291.0,0.04583,189.0
1753532248896,12:17:28.896,ACT/USDT:USDT,0.04578,351.0,0.04577,394.0,0.04582,291.0,0.04583,189.0
1753532249334,12:17:29.334,ACT/USDT:USDT,0.04578,351.0,0.04577,394.0,0.04582,291.0,0.04583,189.0
1753532249860,12:17:29.860,ACT/USDT:USDT,0.04578,351.0,0.04577,394.0,0.04582,291.0,0.04583,189.0
1753532250610,12:17:30.610,ACT/USDT:USDT,0.04578,351.0,0.04577,394.0,0.04582,291.0,0.04583,189.0
1753532257867,12:17:37.867,ACT/USDT:USDT,0.04578,351.0,0.04577,394.0,0.04582,291.0,0.04583,189.0
1753532257894,12:17:37.894,ACT/USDT:USDT,0.04578,351.0,0.04577,394.0,0.04582,291.0,0.04583,189.0
1753532259258,12:17:39.258,ACT/USDT:USDT,0.04581,110.0,0.0458,159.0,0.04582,110.0,0.04583,189.0
1753532259359,12:17:39.359,ACT/USDT:USDT,0.04581,119.0,0.0458,159.0,0.04582,110.0,0.04583,189.0
1753532259459,12:17:39.459,ACT/USDT:USDT,0.04581,110.0,0.0458,159.0,0.04582,110.0,0.04583,189.0
1753532259501,12:17:39.501,ACT/USDT:USDT,0.04581,110.0,0.0458,159.0,0.04582,110.0,0.04583,189.0
1753532259861,12:17:39.861,ACT/USDT:USDT,0.04581,119.0,0.0458,159.0,0.04583,1.0,0.04585,182.0
1753532259922,12:17:39.922,ACT/USDT:USDT,0.04581,119.0,0.0458,222.0,0.04583,1.0,0.04585,182.0
1753532260548,12:17:40.548,ACT/USDT:USDT,0.04582,110.0,0.04581,119.0,0.04583,1.0,0.04585,182.0
1753532260601,12:17:40.601,ACT/USDT:USDT,0.04582,110.0,0.04581,119.0,0.04583,1.0,0.04585,182.0
1753532260746,12:17:40.746,ACT/USDT:USDT,0.04582,110.0,0.04581,119.0,0.04583,1.0,0.04585,182.0
1753532261594,12:17:41.594,ACT/USDT:USDT,0.04582,110.0,0.04581,119.0,0.04583,1.0,0.04585,182.0
1753532263387,12:17:43.387,ACT/USDT:USDT,0.04582,110.0,0.04581,119.0,0.04583,1.0,0.04585,182.0
1753532263642,12:17:43.642,ACT/USDT:USDT,0.04582,110.0,0.04581,119.0,0.04583,1.0,0.04585,182.0
1753532267769,12:17:47.769,ACT/USDT:USDT,0.04582,110.0,0.04581,119.0,0.04583,1.0,0.04585,182.0
1753532267778,12:17:47.778,ACT/USDT:USDT,0.04582,110.0,0.04581,119.0,0.04583,1.0,0.04585,182.0
1753532268355,12:17:48.355,ACT/USDT:USDT,0.04582,119.0,0.04581,110.0,0.04583,1.0,0.04585,182.0
1753532269037,12:17:49.037,ACT/USDT:USDT,0.04582,119.0,0.04581,165.0,0.04583,1.0,0.04586,183.0
1753532269690,12:17:49.690,ACT/USDT:USDT,0.04582,119.0,0.04581,165.0,0.04583,1.0,0.04586,183.0
1753532273456,12:17:53.456,ACT/USDT:USDT,0.04582,301.0,0.04581,165.0,0.04583,1.0,0.04586,183.0
1753532274163,12:17:54.163,ACT/USDT:USDT,0.04582,301.0,0.04581,165.0,0.04583,1.0,0.04586,183.0
1753532274232,12:17:54.232,ACT/USDT:USDT,0.04582,301.0,0.04581,165.0,0.04583,1.0,0.04586,183.0
1753532275838,12:17:55.838,ACT/USDT:USDT,0.04582,301.0,0.04581,165.0,0.04583,1.0,0.04586,183.0
1753532276996,12:17:56.996,ACT/USDT:USDT,0.04582,301.0,0.04581,165.0,0.04583,1.0,0.04586,183.0
1753532277755,12:17:57.755,ACT/USDT:USDT,0.04582,301.0,0.04581,165.0,0.04583,1.0,0.04586,183.0
1753532279894,12:17:59.894,ACT/USDT:USDT,0.04582,301.0,0.04581,165.0,0.04583,1.0,0.04587,1269.0
1753532280280,12:18:00.280,ACT/USDT:USDT,0.04582,292.0,0.04581,165.0,0.04583,1.0,0.04587,1269.0
1753532280586,12:18:00.586,ACT/USDT:USDT,0.04582,292.0,0.04581,165.0,0.04583,1.0,0.04587,1269.0
1753532281138,12:18:01.138,ACT/USDT:USDT,0.04582,301.0,0.04581,165.0,0.04583,1.0,0.04587,1269.0
1753532283063,12:18:03.063,ACT/USDT:USDT,0.04582,301.0,0.04581,165.0,0.04583,1.0,0.04587,189.0
1753532283079,12:18:03.079,ACT/USDT:USDT,0.04582,301.0,0.04581,165.0,0.04583,1.0,0.04587,189.0
1753532283615,12:18:03.615,ACT/USDT:USDT,0.04582,301.0,0.04581,165.0,0.04583,1.0,0.04587,189.0
1753532283684,12:18:03.684,ACT/USDT:USDT,0.04582,301.0,0.04581,173.0,0.04583,1.0,0.04587,189.0
1753532283784,12:18:03.784,ACT/USDT:USDT,0.04582,301.0,0.04581,165.0,0.04583,1.0,0.04587,189.0
1753532283882,12:18:03.882,ACT/USDT:USDT,0.04582,301.0,0.04581,173.0,0.04583,1.0,0.04587,189.0
1753532284397,12:18:04.397,ACT/USDT:USDT,0.04583,240.0,0.04582,292.0,0.04589,182.0,0.0459,1263.0
1753532284512,12:18:04.512,ACT/USDT:USDT,0.04583,248.0,0.04582,292.0,0.04589,182.0,0.0459,1263.0
1753532284668,12:18:04.668,ACT/USDT:USDT,0.04583,248.0,0.04582,292.0,0.04589,182.0,0.0459,1263.0
1753532284818,12:18:04.818,ACT/USDT:USDT,0.04586,110.0,0.04585,110.0,0.04588,185.0,0.04589,191.0
1753532284953,12:18:04.953,ACT/USDT:USDT,0.04586,110.0,0.04585,118.0,0.04588,185.0,0.04589,191.0
1753532285069,12:18:05.069,ACT/USDT:USDT,0.04586,110.0,0.04585,118.0,0.04588,185.0,0.04589,191.0
1753532285148,12:18:05.148,ACT/USDT:USDT,0.04586,110.0,0.04585,118.0,0.04588,185.0,0.04589,191.0
1753532285453,12:18:05.453,ACT/USDT:USDT,0.04586,110.0,0.04585,118.0,0.04588,185.0,0.04589,191.0
1753532285532,12:18:05.532,ACT/USDT:USDT,0.04586,110.0,0.04585,118.0,0.04588,185.0,0.04589,191.0
1753532286039,12:18:06.039,ACT/USDT:USDT,0.04586,110.0,0.04585,118.0,0.04588,194.0,0.04589,182.0
1753532286241,12:18:06.241,ACT/USDT:USDT,0.04586,110.0,0.04585,118.0,0.04587,183.0,0.04588,194.0
1753532286355,12:18:06.355,ACT/USDT:USDT,0.04586,110.0,0.04585,110.0,0.04587,183.0,0.04588,194.0
1753532286518,12:18:06.518,ACT/USDT:USDT,0.04586,110.0,0.04585,110.0,0.04587,183.0,0.04588,203.0
1753532286795,12:18:06.795,ACT/USDT:USDT,0.04586,110.0,0.04585,110.0,0.04587,192.0,0.04588,203.0
1753532286897,12:18:06.897,ACT/USDT:USDT,0.04586,110.0,0.04585,110.0,0.04587,183.0,0.04588,194.0
1753532287358,12:18:07.358,ACT/USDT:USDT,0.04586,110.0,0.04585,110.0,0.04587,183.0,0.04588,203.0
1753532288411,12:18:08.411,ACT/USDT:USDT,0.04586,110.0,0.04585,110.0,0.04587,183.0,0.04588,194.0
1753532289839,12:18:09.839,ACT/USDT:USDT,0.04586,110.0,0.04585,110.0,0.04587,183.0,0.04588,194.0
1753532290028,12:18:10.028,ACT/USDT:USDT,0.04586,110.0,0.04585,110.0,0.04587,183.0,0.04588,194.0
1753532290263,12:18:10.263,ACT/USDT:USDT,0.04586,110.0,0.04585,110.0,0.04587,183.0,0.04588,194.0
1753532290436,12:18:10.436,ACT/USDT:USDT,0.04586,110.0,0.04585,110.0,0.04587,192.0,0.04588,185.0
1753532292696,12:18:12.696,ACT/USDT:USDT,0.04586,110.0,0.04585,110.0,0.04587,192.0,0.04589,182.0
1753532292783,12:18:12.783,ACT/USDT:USDT,0.04586,110.0,0.04585,110.0,0.04589,182.0,0.0459,2902.0
1753532292883,12:18:12.883,ACT/USDT:USDT,0.04586,110.0,0.04585,110.0,0.04589,182.0,0.0459,2902.0
1753532293741,12:18:13.741,ACT/USDT:USDT,0.04586,110.0,0.04585,110.0,0.04588,192.0,0.04589,191.0
1753532294565,12:18:14.565,ACT/USDT:USDT,0.04587,110.0,0.04586,110.0,0.04589,191.0,0.0459,183.0
1753532294618,12:18:14.618,ACT/USDT:USDT,0.04587,110.0,0.04586,110.0,0.04589,191.0,0.0459,887.0
1753532294962,12:18:14.962,ACT/USDT:USDT,0.04587,110.0,0.04586,110.0,0.04589,191.0,0.0459,887.0
1753532295388,12:18:15.388,ACT/USDT:USDT,0.04587,110.0,0.04586,110.0,0.04589,191.0,0.0459,887.0
1753532295811,12:18:15.811,ACT/USDT:USDT,0.04587,110.0,0.04586,110.0,0.04589,191.0,0.0459,887.0
1753532296451,12:18:16.451,ACT/USDT:USDT,0.04587,110.0,0.04586,110.0,0.04589,200.0,0.0459,887.0
1753532296504,12:18:16.504,ACT/USDT:USDT,0.04587,110.0,0.04586,110.0,0.04589,191.0,0.0459,887.0
1753532296631,12:18:16.631,ACT/USDT:USDT,0.04587,110.0,0.04586,110.0,0.04589,200.0,0.0459,887.0
1753532297999,12:18:17.999,ACT/USDT:USDT,0.04587,110.0,0.04586,110.0,0.04589,191.0,0.0459,887.0
1753532298498,12:18:18.498,ACT/USDT:USDT,0.04587,110.0,0.04586,110.0,0.04589,191.0,0.0459,887.0
1753532298743,12:18:18.743,ACT/USDT:USDT,0.04587,110.0,0.04586,110.0,0.04589,191.0,0.0459,887.0
1753532299508,12:18:19.508,ACT/USDT:USDT,0.04587,110.0,0.04586,110.0,0.04589,191.0,0.0459,887.0
1753532299928,12:18:19.928,ACT/USDT:USDT,0.04587,110.0,0.04586,110.0,0.04589,191.0,0.0459,887.0
1753532301105,12:18:21.105,ACT/USDT:USDT,0.04587,110.0,0.04586,110.0,0.04589,191.0,0.0459,887.0
1753532304226,12:18:24.226,ACT/USDT:USDT,0.04587,110.0,0.04586,110.0,0.04589,200.0,0.0459,887.0
1753532304314,12:18:24.314,ACT/USDT:USDT,0.04587,110.0,0.04586,110.0,0.04588,190.0,0.04589,191.0
1753532305260,12:18:25.260,ACT/USDT:USDT,0.04583,193.0,0.04582,1015.0,0.04588,190.0,0.04589,182.0
1753532305298,12:18:25.298,ACT/USDT:USDT,0.04583,193.0,0.04582,1015.0,0.04588,190.0,0.04589,182.0
1753532305594,12:18:25.594,ACT/USDT:USDT,0.04583,193.0,0.04582,1015.0,0.04588,190.0,0.04589,182.0
1753532306074,12:18:26.074,ACT/USDT:USDT,0.04583,193.0,0.04582,1015.0,0.04587,185.0,0.04588,190.0
1753532306133,12:18:26.133,ACT/USDT:USDT,0.04584,110.0,0.04583,193.0,0.04587,194.0,0.04589,182.0
1753532306208,12:18:26.208,ACT/USDT:USDT,0.04584,110.0,0.04583,352.0,0.04587,194.0,0.04589,182.0
1753532306314,12:18:26.314,ACT/USDT:USDT,0.04584,110.0,0.04583,352.0,0.04587,194.0,0.04589,182.0
1753532306418,12:18:26.418,ACT/USDT:USDT,0.04584,110.0,0.04583,167.0,0.04586,194.0,0.04587,185.0
1753532306518,12:18:26.518,ACT/USDT:USDT,0.04584,110.0,0.04583,167.0,0.04586,194.0,0.04587,185.0
1753532306833,12:18:26.833,ACT/USDT:USDT,0.04584,110.0,0.04583,167.0,0.04586,194.0,0.04587,185.0
1753532307665,12:18:27.665,ACT/USDT:USDT,0.04585,110.0,0.04584,110.0,0.04587,203.0,0.04589,182.0
1753532308083,12:18:28.083,ACT/USDT:USDT,0.04585,110.0,0.04584,110.0,0.04587,203.0,0.04589,182.0
1753532308498,12:18:28.498,ACT/USDT:USDT,0.04585,110.0,0.04584,110.0,0.04587,203.0,0.04589,182.0
1753532308838,12:18:28.838,ACT/USDT:USDT,0.04584,110.0,0.04583,222.0,0.04587,203.0,0.04589,182.0
1753532308925,12:18:28.925,ACT/USDT:USDT,0.04584,110.0,0.04583,222.0,0.04587,203.0,0.04589,182.0
1753532309748,12:18:29.748,ACT/USDT:USDT,0.04584,110.0,0.04583,222.0,0.04587,203.0,0.04589,182.0
1753532310098,12:18:30.098,ACT/USDT:USDT,0.04584,110.0,0.04583,222.0,0.04587,203.0,0.04589,182.0
1753532310568,12:18:30.568,ACT/USDT:USDT,0.04584,110.0,0.04583,222.0,0.04587,203.0,0.04589,182.0
1753532312863,12:18:32.863,ACT/USDT:USDT,0.04585,110.0,0.04584,119.0,0.04587,185.0,0.04589,182.0
1753532312967,12:18:32.967,ACT/USDT:USDT,0.04586,110.0,0.04585,110.0,0.04589,191.0,0.0459,887.0
1753532313067,12:18:33.067,ACT/USDT:USDT,0.04585,110.0,0.04584,55.0,0.04588,203.0,0.04589,182.0
1753532313139,12:18:33.139,ACT/USDT:USDT,0.04585,110.0,0.04584,159.0,0.04588,203.0,0.04589,182.0
1753532313228,12:18:33.228,ACT/USDT:USDT,0.04585,110.0,0.04584,159.0,0.04587,203.0,0.04588,185.0
1753532313436,12:18:33.436,ACT/USDT:USDT,0.04585,110.0,0.04584,159.0,0.04587,203.0,0.04588,185.0
1753532313859,12:18:33.859,ACT/USDT:USDT,0.04585,119.0,0.04584,159.0,0.04587,194.0,0.04588,185.0
1753532314293,12:18:34.293,ACT/USDT:USDT,0.04585,110.0,0.04584,159.0,0.04587,194.0,0.04589,182.0
1753532314463,12:18:34.463,ACT/USDT:USDT,0.04586,110.0,0.04585,110.0,0.04589,182.0,0.0459,887.0
1753532314546,12:18:34.546,ACT/USDT:USDT,0.04586,110.0,0.04585,110.0,0.04588,203.0,0.04589,182.0
1753532314686,12:18:34.686,ACT/USDT:USDT,0.04586,110.0,0.04585,110.0,0.04588,203.0,0.04589,182.0
1753532315176,12:18:35.176,ACT/USDT:USDT,0.04586,110.0,0.04585,110.0,0.04588,194.0,0.04589,182.0
1753532315905,12:18:35.905,ACT/USDT:USDT,0.04586,110.0,0.04585,110.0,0.04588,194.0,0.04589,182.0
1753532316158,12:18:36.158,ACT/USDT:USDT,0.04586,110.0,0.04585,110.0,0.04587,205.0,0.04588,203.0
1753532316320,12:18:36.320,ACT/USDT:USDT,0.04586,110.0,0.04585,110.0,0.04587,205.0,0.04588,203.0
1753532316760,12:18:36.760,ACT/USDT:USDT,0.04586,110.0,0.04585,110.0,0.04587,205.0,0.04588,203.0
1753532317168,12:18:37.168,ACT/USDT:USDT,0.04585,110.0,0.04584,160.0,0.04587,205.0,0.04588,203.0
1753532317240,12:18:37.240,ACT/USDT:USDT,0.04585,110.0,0.04584,160.0,0.04587,205.0,0.04588,203.0
1753532317691,12:18:37.691,ACT/USDT:USDT,0.04585,110.0,0.04584,160.0,0.04587,205.0,0.04588,203.0
1753532317932,12:18:37.932,ACT/USDT:USDT,0.04585,110.0,0.04584,160.0,0.04587,205.0,0.04588,203.0
1753532321663,12:18:41.663,ACT/USDT:USDT,0.04585,110.0,0.04584,160.0,0.04587,205.0,0.04588,203.0
1753532321679,12:18:41.679,ACT/USDT:USDT,0.04585,110.0,0.04584,160.0,0.04587,205.0,0.04588,203.0
1753532323267,12:18:43.267,ACT/USDT:USDT,0.04582,8.0,0.04581,187.0,0.04585,119.0,0.04586,187.0
1753532323298,12:18:43.298,ACT/USDT:USDT,0.04583,110.0,0.04582,160.0,0.04585,128.0,0.04586,187.0
1753532323391,12:18:43.391,ACT/USDT:USDT,0.04583,110.0,0.04582,168.0,0.04585,128.0,0.04586,187.0
1753532323486,12:18:43.486,ACT/USDT:USDT,0.04583,110.0,0.04582,168.0,0.04585,128.0,0.04586,187.0
1753532323763,12:18:43.763,ACT/USDT:USDT,0.04583,110.0,0.04582,168.0,0.04585,128.0,0.04586,187.0
1753532324858,12:18:44.858,ACT/USDT:USDT,0.04583,110.0,0.04582,168.0,0.04585,119.0,0.04587,187.0
1753532325011,12:18:45.011,ACT/USDT:USDT,0.04583,110.0,0.04582,168.0,0.04585,119.0,0.04587,187.0
1753532325830,12:18:45.830,ACT/USDT:USDT,0.04583,110.0,0.04582,168.0,0.04585,119.0,0.04587,187.0
1753532326318,12:18:46.318,ACT/USDT:USDT,0.04583,110.0,0.04582,168.0,0.04585,119.0,0.04587,187.0
1753532326649,12:18:46.649,ACT/USDT:USDT,0.04583,110.0,0.04582,168.0,0.04585,119.0,0.04587,187.0
1753532327574,12:18:47.574,ACT/USDT:USDT,0.04583,110.0,0.04582,168.0,0.04585,110.0,0.04586,186.0
1753532328398,12:18:48.398,ACT/USDT:USDT,0.04583,110.0,0.04582,168.0,0.04585,119.0,0.04586,186.0
1753532328512,12:18:48.512,ACT/USDT:USDT,0.04583,110.0,0.04582,168.0,0.04585,128.0,0.04586,186.0
1753532329435,12:18:49.435,ACT/USDT:USDT,0.04582,168.0,0.04581,402.0,0.04585,128.0,0.04586,186.0
1753532329573,12:18:49.573,ACT/USDT:USDT,0.04582,168.0,0.04581,160.0,0.04585,128.0,0.04586,186.0
1753532329586,12:18:49.586,ACT/USDT:USDT,0.04582,160.0,0.04581,160.0,0.04585,128.0,0.04586,186.0
1753532329731,12:18:49.731,ACT/USDT:USDT,0.04582,160.0,0.04581,160.0,0.04585,128.0,0.04586,186.0
1753532329879,12:18:49.879,ACT/USDT:USDT,0.04582,160.0,0.04581,160.0,0.04585,128.0,0.04586,186.0
1753532330032,12:18:50.032,ACT/USDT:USDT,0.04582,160.0,0.04581,160.0,0.04585,128.0,0.04586,186.0
1753532330086,12:18:50.086,ACT/USDT:USDT,0.04582,160.0,0.04581,160.0,0.04585,128.0,0.04588,185.0
1753532330181,12:18:50.181,ACT/USDT:USDT,0.04582,160.0,0.04581,160.0,0.04585,119.0,0.04588,185.0
1753532330333,12:18:50.333,ACT/USDT:USDT,0.04582,160.0,0.04581,160.0,0.04585,119.0,0.04588,185.0
1753532330690,12:18:50.690,ACT/USDT:USDT,0.04582,160.0,0.04581,160.0,0.04585,119.0,0.04588,185.0
1753532330847,12:18:50.847,ACT/USDT:USDT,0.04582,160.0,0.04581,160.0,0.04585,119.0,0.04588,185.0
1753532332662,12:18:52.662,ACT/USDT:USDT,0.04582,160.0,0.04581,160.0,0.04585,305.0,0.04586,186.0
1753532332895,12:18:52.895,ACT/USDT:USDT,0.04582,160.0,0.04581,346.0,0.04585,305.0,0.04586,186.0
1753532332993,12:18:52.993,ACT/USDT:USDT,0.04582,168.0,0.04581,346.0,0.04585,296.0,0.04586,186.0
1753532334474,12:18:54.474,ACT/USDT:USDT,0.04585,159.0,0.04584,110.0,0.04586,186.0,0.04589,182.0
1753532334538,12:18:54.538,ACT/USDT:USDT,0.04584,110.0,0.04583,160.0,0.04586,195.0,0.04587,1080.0
1753532334830,12:18:54.830,ACT/USDT:USDT,0.04584,110.0,0.04583,160.0,0.04586,195.0,0.04587,1080.0
1753532335108,12:18:55.108,ACT/USDT:USDT,0.04584,110.0,0.04583,160.0,0.04586,195.0,0.04587,1080.0
1753532335660,12:18:55.660,ACT/USDT:USDT,0.04584,110.0,0.04583,160.0,0.04586,195.0,0.04587,1080.0
1753532336081,12:18:56.081,ACT/USDT:USDT,0.04584,110.0,0.04583,160.0,0.04586,195.0,0.04587,1080.0
1753532339059,12:18:59.059,ACT/USDT:USDT,0.04584,110.0,0.04583,160.0,0.04586,195.0,0.04587,1080.0
1753532339645,12:18:59.645,ACT/USDT:USDT,0.04584,110.0,0.04583,160.0,0.04586,195.0,0.04587,1080.0
1753532339736,12:18:59.736,ACT/USDT:USDT,0.04584,110.0,0.04583,160.0,0.04586,195.0,0.04587,1080.0
1753532341274,12:19:01.274,ACT/USDT:USDT,0.04584,110.0,0.04583,160.0,0.04586,204.0,0.04587,1080.0
1753532341298,12:19:01.298,ACT/USDT:USDT,0.04584,110.0,0.04583,160.0,0.04586,204.0,0.04587,1080.0
1753532341435,12:19:01.435,ACT/USDT:USDT,0.04584,110.0,0.04583,160.0,0.04586,195.0,0.04587,1080.0
1753532341479,12:19:01.479,ACT/USDT:USDT,0.04584,110.0,0.04583,160.0,0.04586,204.0,0.04587,1080.0
1753532341872,12:19:01.872,ACT/USDT:USDT,0.04584,110.0,0.04583,160.0,0.04586,195.0,0.04587,1080.0
1753532343357,12:19:03.357,ACT/USDT:USDT,0.04584,110.0,0.04583,215.0,0.04589,182.0,0.0459,887.0
1753532343418,12:19:03.418,ACT/USDT:USDT,0.04584,110.0,0.04583,215.0,0.04589,182.0,0.0459,887.0
1753532343502,12:19:03.502,ACT/USDT:USDT,0.04584,110.0,0.04583,215.0,0.04589,182.0,0.0459,887.0
1753532343840,12:19:03.840,ACT/USDT:USDT,0.04584,110.0,0.04583,404.0,0.04589,182.0,0.0459,887.0
1753532343882,12:19:03.882,ACT/USDT:USDT,0.04584,118.0,0.04583,404.0,0.04589,182.0,0.0459,887.0
1753532345119,12:19:05.119,ACT/USDT:USDT,0.04584,307.0,0.04583,404.0,0.04589,182.0,0.0459,887.0
1753532346858,12:19:06.858,ACT/USDT:USDT,0.04584,307.0,0.04583,404.0,0.04589,182.0,0.0459,887.0
1753532346975,12:19:06.975,ACT/USDT:USDT,0.04587,110.0,0.04586,110.0,0.04589,191.0,0.0459,887.0
1753532346983,12:19:06.983,ACT/USDT:USDT,0.04587,110.0,0.04586,118.0,0.04589,191.0,0.0459,887.0
1753532347143,12:19:07.143,ACT/USDT:USDT,0.04587,110.0,0.04586,118.0,0.04589,191.0,0.0459,887.0
1753532347991,12:19:07.991,ACT/USDT:USDT,0.04587,110.0,0.04586,118.0,0.04589,191.0,0.0459,887.0
1753532348168,12:19:08.168,ACT/USDT:USDT,0.04587,110.0,0.04586,118.0,0.04589,191.0,0.0459,887.0
1753532348178,12:19:08.178,ACT/USDT:USDT,0.04587,110.0,0.04586,118.0,0.04589,191.0,0.0459,887.0
1753532348451,12:19:08.451,ACT/USDT:USDT,0.04587,110.0,0.04586,118.0,0.04589,191.0,0.0459,887.0
1753532348875,12:19:08.875,ACT/USDT:USDT,0.04587,110.0,0.04586,118.0,0.04589,191.0,0.0459,887.0
1753532350626,12:19:10.626,ACT/USDT:USDT,0.04587,110.0,0.04586,118.0,0.04589,191.0,0.0459,887.0
1753532350806,12:19:10.806,ACT/USDT:USDT,0.04587,110.0,0.04586,118.0,0.04589,191.0,0.0459,887.0
1753532351032,12:19:11.032,ACT/USDT:USDT,0.04587,110.0,0.04586,118.0,0.04589,182.0,0.0459,887.0
1753532351977,12:19:11.977,ACT/USDT:USDT,0.04587,110.0,0.04586,118.0,0.04589,182.0,0.0459,887.0
1753532352155,12:19:12.155,ACT/USDT:USDT,0.04587,110.0,0.04586,118.0,0.04589,182.0,0.0459,887.0
1753532352982,12:19:12.982,ACT/USDT:USDT,0.04587,110.0,0.04586,118.0,0.04589,182.0,0.0459,887.0
1753532353439,12:19:13.439,ACT/USDT:USDT,0.04587,110.0,0.04586,118.0,0.04589,191.0,0.0459,887.0
1753532353503,12:19:13.503,ACT/USDT:USDT,0.04587,110.0,0.04586,118.0,0.04589,182.0,0.0459,887.0
1753532354638,12:19:14.638,ACT/USDT:USDT,0.04587,110.0,0.04586,118.0,0.04589,182.0,0.0459,887.0
1753532355358,12:19:15.358,ACT/USDT:USDT,0.04589,110.0,0.04587,110.0,0.0459,183.0,0.04591,1267.0
1753532355460,12:19:15.460,ACT/USDT:USDT,0.04589,110.0,0.04588,160.0,0.0459,183.0,0.04591,187.0
1753532355512,12:19:15.512,ACT/USDT:USDT,0.04589,110.0,0.04588,160.0,0.0459,192.0,0.04591,187.0
1753532355598,12:19:15.598,ACT/USDT:USDT,0.04589,110.0,0.04588,160.0,0.0459,183.0,0.04591,187.0
1753532355970,12:19:15.970,ACT/USDT:USDT,0.04589,110.0,0.04588,160.0,0.0459,183.0,0.04592,186.0
1753532356175,12:19:16.175,ACT/USDT:USDT,0.04589,119.0,0.04588,160.0,0.0459,1.0,0.04592,186.0
1753532356273,12:19:16.273,ACT/USDT:USDT,0.04589,119.0,0.04588,160.0,0.0459,1.0,0.04592,186.0
1753532356286,12:19:16.286,ACT/USDT:USDT,0.04589,119.0,0.04588,160.0,0.0459,1.0,0.04592,186.0
1753532356531,12:19:16.531,ACT/USDT:USDT,0.04589,119.0,0.04588,169.0,0.0459,1.0,0.04592,186.0
1753532356579,12:19:16.579,ACT/USDT:USDT,0.04589,110.0,0.04588,169.0,0.0459,1.0,0.04592,186.0
1753532356683,12:19:16.683,ACT/USDT:USDT,0.04589,110.0,0.04588,169.0,0.0459,1.0,0.04592,186.0
1753532357518,12:19:17.518,ACT/USDT:USDT,0.04589,110.0,0.04588,169.0,0.0459,1.0,0.04592,186.0
1753532357937,12:19:17.937,ACT/USDT:USDT,0.04589,110.0,0.04588,169.0,0.0459,1.0,0.04592,186.0
1753532357983,12:19:17.983,ACT/USDT:USDT,0.04589,119.0,0.04588,169.0,0.0459,1.0,0.04592,186.0
1753532358108,12:19:18.108,ACT/USDT:USDT,0.04589,110.0,0.04588,160.0,0.0459,1.0,0.04592,186.0
1753532358438,12:19:18.438,ACT/USDT:USDT,0.04589,110.0,0.04588,215.0,0.0459,1.0,0.04593,186.0
1753532358782,12:19:18.782,ACT/USDT:USDT,0.04589,110.0,0.04588,215.0,0.0459,1.0,0.04593,186.0
1753532359341,12:19:19.341,ACT/USDT:USDT,0.04589,110.0,0.04588,224.0,0.0459,1.0,0.04593,186.0
1753532359498,12:19:19.498,ACT/USDT:USDT,0.04589,110.0,0.04588,224.0,0.0459,1.0,0.04593,186.0
1753532360504,12:19:20.504,ACT/USDT:USDT,0.04589,119.0,0.04588,224.0,0.0459,1.0,0.04593,186.0
1753532360838,12:19:20.838,ACT/USDT:USDT,0.04589,110.0,0.04588,224.0,0.0459,1.0,0.04593,186.0
1753532361939,12:19:21.939,ACT/USDT:USDT,0.04589,110.0,0.04588,224.0,0.0459,1.0,0.04593,186.0
1753532364418,12:19:24.418,ACT/USDT:USDT,0.04589,119.0,0.04588,224.0,0.0459,1.0,0.04593,186.0
1753532368017,12:19:28.017,ACT/USDT:USDT,0.04589,119.0,0.04588,224.0,0.0459,1.0,0.04593,186.0
1753532371469,12:19:31.469,ACT/USDT:USDT,0.04589,119.0,0.04588,224.0,0.0459,1.0,0.04593,186.0
1753532373840,12:19:33.840,ACT/USDT:USDT,0.04589,110.0,0.04588,224.0,0.0459,1.0,0.04593,186.0
1753532373912,12:19:33.912,ACT/USDT:USDT,0.04589,110.0,0.04588,224.0,0.0459,1.0,0.04593,186.0
1753532374133,12:19:34.133,ACT/USDT:USDT,0.04589,110.0,0.04588,224.0,0.0459,1.0,0.04593,186.0
1753532374977,12:19:34.977,ACT/USDT:USDT,0.04589,110.0,0.04588,224.0,0.0459,1.0,0.04593,186.0
1753532380097,12:19:40.097,ACT/USDT:USDT,0.04589,119.0,0.04588,224.0,0.0459,1.0,0.04593,186.0
1753532382322,12:19:42.322,ACT/USDT:USDT,0.04589,110.0,0.04588,224.0,0.0459,1.0,0.04593,186.0
1753532387461,12:19:47.461,ACT/USDT:USDT,0.04589,110.0,0.04588,215.0,0.0459,1.0,0.04591,9.0
1753532387574,12:19:47.574,ACT/USDT:USDT,0.04588,215.0,0.04586,704.0,0.0459,10.0,0.04591,9.0
1753532387578,12:19:47.578,ACT/USDT:USDT,0.04588,215.0,0.04587,161.0,0.0459,10.0,0.04591,9.0
1753532387873,12:19:47.873,ACT/USDT:USDT,0.04588,160.0,0.04587,216.0,0.0459,10.0,0.04591,9.0
1753532387958,12:19:47.958,ACT/USDT:USDT,0.04588,160.0,0.04587,216.0,0.0459,10.0,0.04591,9.0
1753532391233,12:19:51.233,ACT/USDT:USDT,0.04588,160.0,0.04587,216.0,0.0459,10.0,0.04591,9.0
1753532393474,12:19:53.474,ACT/USDT:USDT,0.04588,160.0,0.04587,216.0,0.0459,193.0,0.04591,9.0
1753532393538,12:19:53.538,ACT/USDT:USDT,0.04588,160.0,0.04587,161.0,0.0459,202.0,0.04593,186.0
1753532394030,12:19:54.030,ACT/USDT:USDT,0.04588,160.0,0.04587,161.0,0.0459,202.0,0.04593,186.0
1753532394258,12:19:54.258,ACT/USDT:USDT,0.04589,110.0,0.04588,160.0,0.0459,193.0,0.04591,9.0
1753532394285,12:19:54.285,ACT/USDT:USDT,0.04589,110.0,0.04588,160.0,0.0459,184.0,0.04591,18.0
1753532394455,12:19:54.455,ACT/USDT:USDT,0.04589,110.0,0.04588,160.0,0.0459,184.0,0.04591,9.0
1753532394875,12:19:54.875,ACT/USDT:USDT,0.04589,110.0,0.04588,160.0,0.0459,193.0,0.04593,186.0
1753532395286,12:19:55.286,ACT/USDT:USDT,0.04589,110.0,0.04588,160.0,0.0459,193.0,0.04593,186.0
1753532395393,12:19:55.393,ACT/USDT:USDT,0.04589,110.0,0.04588,160.0,0.0459,193.0,0.04593,186.0
1753532395494,12:19:55.494,ACT/USDT:USDT,0.04589,110.0,0.04588,160.0,0.0459,193.0,0.04593,186.0
1753532396114,12:19:56.114,ACT/USDT:USDT,0.04589,110.0,0.04588,160.0,0.0459,184.0,0.04593,186.0
1753532396523,12:19:56.523,ACT/USDT:USDT,0.04589,110.0,0.04588,160.0,0.0459,184.0,0.04593,186.0
1753532398415,12:19:58.415,ACT/USDT:USDT,0.04589,110.0,0.04588,160.0,0.0459,193.0,0.04593,186.0
1753532398535,12:19:58.535,ACT/USDT:USDT,0.04589,110.0,0.04588,160.0,0.0459,193.0,0.04593,186.0
1753532399572,12:19:59.572,ACT/USDT:USDT,0.04589,110.0,0.04588,160.0,0.0459,1.0,0.04593,186.0
1753532399596,12:19:59.596,ACT/USDT:USDT,0.04589,110.0,0.04588,215.0,0.0459,1.0,0.04593,186.0
1753532399683,12:19:59.683,ACT/USDT:USDT,0.04589,110.0,0.04588,215.0,0.0459,1.0,0.04593,186.0
1753532399820,12:19:59.820,ACT/USDT:USDT,0.04589,110.0,0.04588,215.0,0.0459,1.0,0.04593,186.0
1753532399898,12:19:59.898,ACT/USDT:USDT,0.04589,110.0,0.04588,215.0,0.0459,1.0,0.04593,186.0
1753532400364,12:20:00.364,ACT/USDT:USDT,0.04589,110.0,0.04588,215.0,0.0459,19.0,0.04593,186.0
1753532400434,12:20:00.434,ACT/USDT:USDT,0.04589,110.0,0.04588,215.0,0.0459,10.0,0.04593,186.0
1753532401438,12:20:01.438,ACT/USDT:USDT,0.04589,110.0,0.04588,215.0,0.0459,1.0,0.04593,186.0
1753532401506,12:20:01.506,ACT/USDT:USDT,0.04589,110.0,0.04588,215.0,0.0459,10.0,0.04593,186.0
1753532401906,12:20:01.906,ACT/USDT:USDT,0.04589,110.0,0.04588,215.0,0.0459,10.0,0.04593,186.0
1753532405665,12:20:05.665,ACT/USDT:USDT,0.04589,110.0,0.04588,215.0,0.0459,10.0,0.04593,186.0
1753532405678,12:20:05.678,ACT/USDT:USDT,0.04589,110.0,0.04588,215.0,0.0459,10.0,0.04593,186.0
1753532406105,12:20:06.105,ACT/USDT:USDT,0.04589,110.0,0.04588,215.0,0.0459,1.0,0.04593,186.0
1753532407757,12:20:07.757,ACT/USDT:USDT,0.04589,110.0,0.04588,215.0,0.0459,10.0,0.04593,186.0
1753532410441,12:20:10.441,ACT/USDT:USDT,0.04589,110.0,0.04588,215.0,0.0459,1.0,0.04593,186.0
1753532411458,12:20:11.458,ACT/USDT:USDT,0.04589,110.0,0.04588,215.0,0.0459,10.0,0.04593,186.0
1753532411478,12:20:11.478,ACT/USDT:USDT,0.04589,110.0,0.04588,215.0,0.0459,10.0,0.04593,186.0
1753532413433,12:20:13.433,ACT/USDT:USDT,0.04589,110.0,0.04588,215.0,0.0459,1.0,0.04593,186.0
1753532413504,12:20:13.504,ACT/USDT:USDT,0.04589,110.0,0.04588,215.0,0.0459,10.0,0.04593,186.0
1753532415258,12:20:15.258,ACT/USDT:USDT,0.04588,160.0,0.04587,217.0,0.0459,10.0,0.04593,186.0
1753532415349,12:20:15.349,ACT/USDT:USDT,0.04589,110.0,0.04588,160.0,0.0459,1.0,0.04593,186.0
1753532415403,12:20:15.403,ACT/USDT:USDT,0.04589,110.0,0.04588,215.0,0.0459,1.0,0.04593,186.0
1753532415483,12:20:15.483,ACT/USDT:USDT,0.04589,110.0,0.04588,215.0,0.0459,1.0,0.04593,186.0
1753532416174,12:20:16.174,ACT/USDT:USDT,0.04589,110.0,0.04588,215.0,0.0459,1.0,0.04593,186.0
1753532416260,12:20:16.260,ACT/USDT:USDT,0.04589,110.0,0.04588,215.0,0.0459,10.0,0.04591,9.0
1753532416336,12:20:16.336,ACT/USDT:USDT,0.04589,110.0,0.04588,160.0,0.0459,10.0,0.04591,18.0
1753532416971,12:20:16.971,ACT/USDT:USDT,0.04589,110.0,0.04588,160.0,0.0459,10.0,0.04591,18.0
1753532419457,12:20:19.457,ACT/USDT:USDT,0.04589,110.0,0.04588,215.0,0.0459,1.0,0.04591,18.0
1753532420226,12:20:20.226,ACT/USDT:USDT,0.04589,110.0,0.04588,215.0,0.0459,1.0,0.04591,18.0
1753532424937,12:20:24.937,ACT/USDT:USDT,0.04589,110.0,0.04588,160.0,0.0459,10.0,0.04591,18.0
1753532424982,12:20:24.982,ACT/USDT:USDT,0.04589,110.0,0.04588,160.0,0.0459,10.0,0.04591,18.0
1753532425938,12:20:25.938,ACT/USDT:USDT,0.04589,110.0,0.04588,160.0,0.0459,10.0,0.04591,18.0
1753532426003,12:20:26.003,ACT/USDT:USDT,0.04589,110.0,0.04588,160.0,0.0459,10.0,0.04591,18.0
1753532427242,12:20:27.242,ACT/USDT:USDT,0.04589,110.0,0.04588,160.0,0.0459,202.0,0.04591,18.0
1753532428062,12:20:28.062,ACT/USDT:USDT,0.04589,110.0,0.04588,160.0,0.0459,10.0,0.04591,18.0
1753532428104,12:20:28.104,ACT/USDT:USDT,0.04589,110.0,0.04588,160.0,0.0459,10.0,0.04591,18.0
1753532430539,12:20:30.539,ACT/USDT:USDT,0.04589,110.0,0.04588,215.0,0.0459,1.0,0.04591,9.0
1753532430965,12:20:30.965,ACT/USDT:USDT,0.04589,110.0,0.04588,215.0,0.0459,1.0,0.04591,9.0
1753532431234,12:20:31.234,ACT/USDT:USDT,0.04589,110.0,0.04588,215.0,0.0459,1.0,0.04593,792.0
1753532432259,12:20:32.259,ACT/USDT:USDT,0.04589,110.0,0.04588,215.0,0.0459,1.0,0.04593,792.0
1753532434639,12:20:34.639,ACT/USDT:USDT,0.04589,110.0,0.04588,215.0,0.0459,1.0,0.04593,792.0
1753532434683,12:20:34.683,ACT/USDT:USDT,0.04589,110.0,0.04588,215.0,0.0459,1.0,0.04593,792.0
1753532435203,12:20:35.203,ACT/USDT:USDT,0.04589,110.0,0.04588,215.0,0.0459,1.0,0.04593,792.0
1753532440438,12:20:40.438,ACT/USDT:USDT,0.04589,110.0,0.04588,215.0,0.0459,1.0,0.04593,792.0
1753532441369,12:20:41.369,ACT/USDT:USDT,0.04589,110.0,0.04588,215.0,0.0459,10.0,0.04593,792.0
1753532441393,12:20:41.393,ACT/USDT:USDT,0.04589,110.0,0.04588,215.0,0.0459,1.0,0.04591,9.0
1753532442136,12:20:42.136,ACT/USDT:USDT,0.04589,110.0,0.04588,215.0,0.0459,1.0,0.04591,9.0
1753532442327,12:20:42.327,ACT/USDT:USDT,0.04589,110.0,0.04588,215.0,0.0459,1.0,0.04593,792.0
1753532442957,12:20:42.957,ACT/USDT:USDT,0.04589,110.0,0.04588,215.0,0.0459,1.0,0.04593,792.0
1753532447958,12:20:47.958,ACT/USDT:USDT,0.04589,119.0,0.04588,215.0,0.0459,1.0,0.04593,186.0
1753532448058,12:20:48.058,ACT/USDT:USDT,0.04589,119.0,0.04588,215.0,0.0459,1.0,0.04593,186.0
1753532448079,12:20:48.079,ACT/USDT:USDT,0.04589,119.0,0.04588,395.0,0.0459,1.0,0.04593,186.0
1753532449008,12:20:49.008,ACT/USDT:USDT,0.04589,119.0,0.04588,395.0,0.0459,1.0,0.04593,186.0
1753532449159,12:20:49.159,ACT/USDT:USDT,0.04589,110.0,0.04588,395.0,0.0459,1.0,0.04593,186.0
1753532450455,12:20:50.455,ACT/USDT:USDT,0.04589,110.0,0.04588,404.0,0.0459,1.0,0.04593,186.0
1753532452018,12:20:52.018,ACT/USDT:USDT,0.04589,110.0,0.04588,404.0,0.0459,1.0,0.04593,186.0
1753532453774,12:20:53.774,ACT/USDT:USDT,0.04589,119.0,0.04588,404.0,0.0459,1.0,0.04593,186.0
1753532453814,12:20:53.814,ACT/USDT:USDT,0.04589,110.0,0.04588,404.0,0.0459,1.0,0.04593,186.0
1753532457798,12:20:57.798,ACT/USDT:USDT,0.04589,110.0,0.04588,404.0,0.0459,1.0,0.04593,186.0
1753532458312,12:20:58.312,ACT/USDT:USDT,0.04589,110.0,0.04588,404.0,0.0459,1.0,0.04593,186.0
1753532471942,12:21:11.942,ACT/USDT:USDT,0.04589,294.0,0.04588,404.0,0.0459,1.0,0.04594,1261.0
1753532472064,12:21:12.064,ACT/USDT:USDT,0.04589,303.0,0.04588,404.0,0.0459,1.0,0.04594,181.0
1753532472092,12:21:12.092,ACT/USDT:USDT,0.04589,303.0,0.04588,404.0,0.0459,1.0,0.04594,181.0
1753532472183,12:21:12.183,ACT/USDT:USDT,0.04589,303.0,0.04588,413.0,0.0459,1.0,0.04594,181.0
1753532472985,12:21:12.985,ACT/USDT:USDT,0.04589,303.0,0.04588,413.0,0.0459,1.0,0.04594,181.0
1753532473339,12:21:13.339,ACT/USDT:USDT,0.04589,303.0,0.04588,413.0,0.0459,1.0,0.04594,181.0
1753532473619,12:21:13.619,ACT/USDT:USDT,0.04589,294.0,0.04588,413.0,0.0459,1.0,0.04594,181.0
1753532474162,12:21:14.162,ACT/USDT:USDT,0.04589,294.0,0.04588,413.0,0.0459,1.0,0.04594,181.0
1753532475437,12:21:15.437,ACT/USDT:USDT,0.04589,303.0,0.04588,413.0,0.0459,1.0,0.04594,181.0
1753532476167,12:21:16.167,ACT/USDT:USDT,0.04589,294.0,0.04588,413.0,0.0459,1.0,0.04594,181.0
1753532476274,12:21:16.274,ACT/USDT:USDT,0.04589,303.0,0.04588,413.0,0.0459,1.0,0.04594,181.0
1753532476333,12:21:16.333,ACT/USDT:USDT,0.04589,294.0,0.04588,413.0,0.0459,1.0,0.04594,181.0
1753532476382,12:21:16.382,ACT/USDT:USDT,0.04589,294.0,0.04588,404.0,0.0459,1.0,0.04594,181.0
1753532477829,12:21:17.829,ACT/USDT:USDT,0.04589,303.0,0.04588,404.0,0.0459,1.0,0.04594,181.0
1753532477964,12:21:17.964,ACT/USDT:USDT,0.04589,294.0,0.04588,404.0,0.0459,1.0,0.04594,181.0
1753532478076,12:21:18.076,ACT/USDT:USDT,0.04589,294.0,0.04588,404.0,0.0459,1.0,0.04595,185.0
1753532478105,12:21:18.105,ACT/USDT:USDT,0.04589,358.0,0.04588,349.0,0.0459,1.0,0.04595,185.0
1753532478264,12:21:18.264,ACT/USDT:USDT,0.04593,110.0,0.04592,165.0,0.04597,182.0,0.04598,1409.0
1753532478364,12:21:18.364,ACT/USDT:USDT,0.04594,3.0,0.04593,116.0,0.04596,200.0,0.04597,182.0
1753532478465,12:21:18.465,ACT/USDT:USDT,0.04594,3.0,0.04593,116.0,0.04596,200.0,0.04597,182.0
1753532478567,12:21:18.567,ACT/USDT:USDT,0.04594,3.0,0.04593,110.0,0.04596,200.0,0.04597,182.0
1753532478667,12:21:18.667,ACT/USDT:USDT,0.04594,3.0,0.04593,110.0,0.04596,200.0,0.04597,182.0
1753532478918,12:21:18.918,ACT/USDT:USDT,0.04594,3.0,0.04593,110.0,0.04596,191.0,0.04597,182.0
1753532479064,12:21:19.064,ACT/USDT:USDT,0.04594,3.0,0.04593,110.0,0.04596,200.0,0.04597,182.0
1753532480697,12:21:20.697,ACT/USDT:USDT,0.04594,3.0,0.04593,110.0,0.04596,200.0,0.04597,182.0
1753532481018,12:21:21.018,ACT/USDT:USDT,0.04594,3.0,0.04593,110.0,0.04596,200.0,0.04597,182.0
1753532482129,12:21:22.129,ACT/USDT:USDT,0.04594,3.0,0.04593,110.0,0.04596,200.0,0.04597,182.0
1753532483098,12:21:23.098,ACT/USDT:USDT,0.04594,3.0,0.04593,110.0,0.04596,200.0,0.04597,182.0
1753532483256,12:21:23.256,ACT/USDT:USDT,0.04594,3.0,0.04593,110.0,0.04596,200.0,0.04597,182.0
1753532483282,12:21:23.282,ACT/USDT:USDT,0.04594,3.0,0.04593,110.0,0.04596,200.0,0.04597,182.0
1753532485914,12:21:25.914,ACT/USDT:USDT,0.04594,3.0,0.04593,110.0,0.04596,200.0,0.04597,182.0
1753532486859,12:21:26.859,ACT/USDT:USDT,0.04594,3.0,0.04593,110.0,0.04596,200.0,0.04597,182.0
1753532488141,12:21:28.141,ACT/USDT:USDT,0.04594,3.0,0.04593,110.0,0.04596,200.0,0.04597,182.0
1753532489060,12:21:29.060,ACT/USDT:USDT,0.04594,3.0,0.04593,110.0,0.04596,200.0,0.04597,182.0
1753532489079,12:21:29.079,ACT/USDT:USDT,0.04594,3.0,0.04593,110.0,0.04596,200.0,0.04597,182.0
1753532489194,12:21:29.194,ACT/USDT:USDT,0.04594,3.0,0.04593,110.0,0.04597,182.0,0.04598,891.0
1753532489285,12:21:29.285,ACT/USDT:USDT,0.04594,3.0,0.04593,110.0,0.04596,181.0,0.04597,200.0
1753532489542,12:21:29.542,ACT/USDT:USDT,0.04594,3.0,0.04593,110.0,0.04596,199.0,0.04597,182.0
1753532492639,12:21:32.639,ACT/USDT:USDT,0.04594,3.0,0.04593,110.0,0.04596,199.0,0.04597,182.0
1753532493948,12:21:33.948,ACT/USDT:USDT,0.04594,3.0,0.04593,110.0,0.04597,200.0,0.04598,891.0
1753532494492,12:21:34.492,ACT/USDT:USDT,0.04594,3.0,0.04593,110.0,0.04597,200.0,0.04598,891.0
1753532495759,12:21:35.759,ACT/USDT:USDT,0.04594,3.0,0.04593,110.0,0.04597,200.0,0.04598,891.0
1753532496928,12:21:36.928,ACT/USDT:USDT,0.04594,3.0,0.04593,110.0,0.04596,200.0,0.04597,182.0
1753532497375,12:21:37.375,ACT/USDT:USDT,0.04594,3.0,0.04593,110.0,0.04596,191.0,0.04597,182.0
1753532497404,12:21:37.404,ACT/USDT:USDT,0.04594,3.0,0.04593,110.0,0.04597,200.0,0.04598,891.0
1753532497609,12:21:37.609,ACT/USDT:USDT,0.04594,3.0,0.04593,110.0,0.04596,200.0,0.04597,182.0
1753532498858,12:21:38.858,ACT/USDT:USDT,0.04594,3.0,0.04593,110.0,0.04597,200.0,0.04598,891.0
1753532499025,12:21:39.025,ACT/USDT:USDT,0.04594,3.0,0.04593,110.0,0.04596,200.0,0.04597,182.0
1753532501338,12:21:41.338,ACT/USDT:USDT,0.04594,3.0,0.04593,110.0,0.04596,200.0,0.04597,182.0
1753532501750,12:21:41.750,ACT/USDT:USDT,0.04594,3.0,0.04593,110.0,0.04595,182.0,0.04596,200.0
1753532501799,12:21:41.799,ACT/USDT:USDT,0.04593,110.0,0.04591,55.0,0.04595,191.0,0.04596,191.0
1753532501897,12:21:41.897,ACT/USDT:USDT,0.04593,110.0,0.04591,55.0,0.04595,191.0,0.04596,191.0
1753532502095,12:21:42.095,ACT/USDT:USDT,0.04593,110.0,0.04592,163.0,0.04595,191.0,0.04596,182.0
1753532502199,12:21:42.199,ACT/USDT:USDT,0.04593,116.0,0.04592,163.0,0.04595,191.0,0.04596,182.0
1753532502320,12:21:42.320,ACT/USDT:USDT,0.04593,116.0,0.04592,163.0,0.04595,191.0,0.04596,182.0
1753532503575,12:21:43.575,ACT/USDT:USDT,0.04594,110.0,0.04593,116.0,0.04596,200.0,0.04597,182.0
1753532503652,12:21:43.652,ACT/USDT:USDT,0.04594,110.0,0.04593,116.0,0.04596,200.0,0.04597,182.0
1753532503754,12:21:43.754,ACT/USDT:USDT,0.04593,116.0,0.04592,163.0,0.04595,182.0,0.04596,191.0
1753532507159,12:21:47.159,ACT/USDT:USDT,0.04593,116.0,0.04592,163.0,0.04595,182.0,0.04596,191.0
1753532507197,12:21:47.197,ACT/USDT:USDT,0.04593,116.0,0.04592,163.0,0.04595,182.0,0.04596,191.0
1753532507321,12:21:47.321,ACT/USDT:USDT,0.04593,116.0,0.04592,163.0,0.04595,182.0,0.04596,191.0
1753532507457,12:21:47.457,ACT/USDT:USDT,0.04594,110.0,0.04593,116.0,0.04596,9.0,0.04597,182.0
1753532507537,12:21:47.537,ACT/USDT:USDT,0.04594,110.0,0.04593,116.0,0.04596,9.0,0.04597,182.0
1753532507617,12:21:47.617,ACT/USDT:USDT,0.04594,110.0,0.04593,116.0,0.04596,18.0,0.04597,182.0
1753532507730,12:21:47.730,ACT/USDT:USDT,0.04594,110.0,0.04593,116.0,0.04596,18.0,0.04597,182.0
1753532508463,12:21:48.463,ACT/USDT:USDT,0.04594,110.0,0.04593,116.0,0.04596,201.0,0.04597,182.0
1753532508856,12:21:48.856,ACT/USDT:USDT,0.04594,110.0,0.04593,116.0,0.04596,192.0,0.04597,182.0
1753532510182,12:21:50.182,ACT/USDT:USDT,0.04594,110.0,0.04593,116.0,0.04596,201.0,0.04597,182.0
1753532510875,12:21:50.875,ACT/USDT:USDT,0.04593,116.0,0.0459,238.0,0.04595,192.0,0.04596,836.0
1753532510916,12:21:50.916,ACT/USDT:USDT,0.04593,110.0,0.04592,163.0,0.04595,183.0,0.04596,183.0
1753532510994,12:21:50.994,ACT/USDT:USDT,0.04593,116.0,0.04592,163.0,0.04595,192.0,0.04596,183.0
1753532511297,12:21:51.297,ACT/USDT:USDT,0.04593,116.0,0.04592,163.0,0.04595,192.0,0.04596,183.0
1753532511575,12:21:51.575,ACT/USDT:USDT,0.04593,116.0,0.04592,163.0,0.04596,192.0,0.04597,182.0
1753532511664,12:21:51.664,ACT/USDT:USDT,0.04594,110.0,0.04593,116.0,0.04596,201.0,0.04597,182.0
1753532511730,12:21:51.730,ACT/USDT:USDT,0.04594,110.0,0.04593,116.0,0.04596,201.0,0.04597,182.0
1753532512591,12:21:52.591,ACT/USDT:USDT,0.04594,110.0,0.04593,116.0,0.04596,201.0,0.04597,182.0
1753532512918,12:21:52.918,ACT/USDT:USDT,0.04594,110.0,0.04593,116.0,0.04596,201.0,0.04597,182.0
1753532518718,12:21:58.718,ACT/USDT:USDT,0.04594,110.0,0.04593,116.0,0.04596,201.0,0.04597,182.0
1753532522219,12:22:02.219,ACT/USDT:USDT,0.04594,110.0,0.04593,116.0,0.04597,182.0,0.04598,891.0
1753532522339,12:22:02.339,ACT/USDT:USDT,0.04594,110.0,0.04593,116.0,0.04597,182.0,0.04598,891.0
1753532523555,12:22:03.555,ACT/USDT:USDT,0.04594,110.0,0.04593,116.0,0.04597,191.0,0.04598,891.0
1753532523676,12:22:03.676,ACT/USDT:USDT,0.04594,110.0,0.04593,116.0,0.04596,185.0,0.04597,191.0
1753532524378,12:22:04.378,ACT/USDT:USDT,0.04594,110.0,0.04593,116.0,0.04596,185.0,0.04597,191.0
1753532524556,12:22:04.556,ACT/USDT:USDT,0.04594,110.0,0.04593,116.0,0.04596,203.0,0.04597,182.0
1753532525459,12:22:05.459,ACT/USDT:USDT,0.04594,110.0,0.04593,116.0,0.04596,185.0,0.04597,182.0
1753532525480,12:22:05.480,ACT/USDT:USDT,0.04594,110.0,0.04593,116.0,0.04597,182.0,0.04598,891.0
1753532526409,12:22:06.409,ACT/USDT:USDT,0.04594,110.0,0.04593,116.0,0.04597,182.0,0.04598,891.0
1753532526694,12:22:06.694,ACT/USDT:USDT,0.04594,110.0,0.04593,116.0,0.04596,191.0,0.04597,191.0
1753532526781,12:22:06.781,ACT/USDT:USDT,0.04594,110.0,0.04593,116.0,0.04596,200.0,0.04597,182.0
1753532527058,12:22:07.058,ACT/USDT:USDT,0.04595,110.0,0.04594,110.0,0.04597,200.0,0.04598,891.0
1753532527097,12:22:07.097,ACT/USDT:USDT,0.04595,116.0,0.04594,110.0,0.04597,200.0,0.04598,891.0
1753532527231,12:22:07.231,ACT/USDT:USDT,0.04595,116.0,0.04594,110.0,0.04597,200.0,0.04598,891.0
1753532527404,12:22:07.404,ACT/USDT:USDT,0.04595,116.0,0.04594,110.0,0.04597,191.0,0.04598,891.0
1753532531934,12:22:11.934,ACT/USDT:USDT,0.04595,116.0,0.04594,110.0,0.04597,200.0,0.04598,891.0
1753532531987,12:22:11.987,ACT/USDT:USDT,0.04595,116.0,0.04594,110.0,0.04597,200.0,0.04598,891.0
1753532532132,12:22:12.132,ACT/USDT:USDT,0.04595,116.0,0.04594,110.0,0.04597,200.0,0.04598,891.0
1753532532562,12:22:12.562,ACT/USDT:USDT,0.04595,116.0,0.04594,110.0,0.04597,200.0,0.04598,891.0
1753532532969,12:22:12.969,ACT/USDT:USDT,0.04595,116.0,0.04594,110.0,0.04597,191.0,0.04598,891.0
1753532532996,12:22:12.996,ACT/USDT:USDT,0.04595,116.0,0.04594,110.0,0.04597,191.0,0.04598,891.0
1753532533199,12:22:13.199,ACT/USDT:USDT,0.04595,116.0,0.04594,110.0,0.04597,191.0,0.04598,891.0
1753532533381,12:22:13.381,ACT/USDT:USDT,0.04595,116.0,0.04594,110.0,0.04597,191.0,0.04598,891.0
1753532534074,12:22:14.074,ACT/USDT:USDT,0.04595,116.0,0.04594,110.0,0.04596,191.0,0.04597,191.0
1753532534087,12:22:14.087,ACT/USDT:USDT,0.04595,110.0,0.04594,110.0,0.04596,191.0,0.04597,191.0
1753532534231,12:22:14.231,ACT/USDT:USDT,0.04595,110.0,0.04594,110.0,0.04596,191.0,0.04597,182.0
1753532534374,12:22:14.374,ACT/USDT:USDT,0.04595,110.0,0.04594,110.0,0.04597,191.0,0.04598,891.0
1753532534417,12:22:14.417,ACT/USDT:USDT,0.04595,116.0,0.04594,110.0,0.04597,200.0,0.04598,891.0
1753532537797,12:22:17.797,ACT/USDT:USDT,0.04595,116.0,0.04594,110.0,0.04596,204.0,0.04597,182.0
1753532537883,12:22:17.883,ACT/USDT:USDT,0.04595,110.0,0.04594,110.0,0.04596,204.0,0.04597,182.0
1753532537981,12:22:17.981,ACT/USDT:USDT,0.04595,110.0,0.04594,110.0,0.04596,204.0,0.04597,182.0
1753532538082,12:22:18.082,ACT/USDT:USDT,0.04595,110.0,0.04594,110.0,0.04596,204.0,0.04597,182.0
1753532538431,12:22:18.431,ACT/USDT:USDT,0.04595,110.0,0.04594,110.0,0.04596,195.0,0.04597,182.0
1753532538549,12:22:18.549,ACT/USDT:USDT,0.04595,110.0,0.04594,110.0,0.04597,182.0,0.04598,891.0
1753532538587,12:22:18.587,ACT/USDT:USDT,0.04595,116.0,0.04594,110.0,0.04597,191.0,0.04598,891.0
1753532539044,12:22:19.044,ACT/USDT:USDT,0.04595,116.0,0.04594,110.0,0.04597,191.0,0.04598,1649.0
1753532539303,12:22:19.303,ACT/USDT:USDT,0.04595,116.0,0.04594,110.0,0.04597,200.0,0.04598,1649.0
1753532544772,12:22:24.772,ACT/USDT:USDT,0.04595,116.0,0.04594,110.0,0.04597,200.0,0.04598,1649.0
1753532544779,12:22:24.779,ACT/USDT:USDT,0.04595,116.0,0.04594,110.0,0.04597,200.0,0.04598,1649.0
1753532550565,12:22:30.565,ACT/USDT:USDT,0.04595,116.0,0.04594,110.0,0.04597,200.0,0.04598,1649.0
1753532550592,12:22:30.592,ACT/USDT:USDT,0.04595,116.0,0.04594,110.0,0.04597,200.0,0.04598,1649.0
1753532556150,12:22:36.150,ACT/USDT:USDT,0.04595,116.0,0.04594,110.0,0.04597,200.0,0.04598,1649.0
1753532556274,12:22:36.274,ACT/USDT:USDT,0.04596,110.0,0.04595,116.0,0.04597,835.0,0.04598,187.0
1753532556316,12:22:36.316,ACT/USDT:USDT,0.04596,110.0,0.04595,110.0,0.04597,835.0,0.04598,187.0
1753532556459,12:22:36.459,ACT/USDT:USDT,0.04596,110.0,0.04595,110.0,0.04597,835.0,0.04598,187.0
1753532556972,12:22:36.972,ACT/USDT:USDT,0.04597,110.0,0.04596,110.0,0.04598,9.0,0.04599,187.0
1753532557038,12:22:37.038,ACT/USDT:USDT,0.04597,110.0,0.04596,116.0,0.04598,9.0,0.04599,187.0
1753532557086,12:22:37.086,ACT/USDT:USDT,0.04597,110.0,0.04596,110.0,0.04598,9.0,0.04599,187.0
1753532557283,12:22:37.283,ACT/USDT:USDT,0.04597,110.0,0.04596,110.0,0.04598,9.0,0.04599,187.0
1753532557703,12:22:37.703,ACT/USDT:USDT,0.04597,110.0,0.04596,110.0,0.04598,9.0,0.04599,187.0
1753532560466,12:22:40.466,ACT/USDT:USDT,0.04597,110.0,0.04596,110.0,0.04598,9.0,0.04599,187.0
1753532560511,12:22:40.511,ACT/USDT:USDT,0.04597,110.0,0.04596,110.0,0.04598,9.0,0.04599,187.0
1753532560614,12:22:40.614,ACT/USDT:USDT,0.04597,110.0,0.04596,110.0,0.04598,9.0,0.04599,187.0
1753532560684,12:22:40.684,ACT/USDT:USDT,0.04597,110.0,0.04596,110.0,0.04598,18.0,0.04599,187.0
1753532562158,12:22:42.158,ACT/USDT:USDT,0.04597,110.0,0.04596,110.0,0.04598,9.0,0.04599,187.0
1753532562238,12:22:42.238,ACT/USDT:USDT,0.04597,110.0,0.04596,110.0,0.04598,9.0,0.04599,187.0
1753532564466,12:22:44.466,ACT/USDT:USDT,0.04598,110.0,0.04597,110.0,0.04599,848.0,0.046,184.0
1753532564572,12:22:44.572,ACT/USDT:USDT,0.04598,110.0,0.04597,116.0,0.04599,848.0,0.046,184.0
1753532564582,12:22:44.582,ACT/USDT:USDT,0.04598,110.0,0.04597,110.0,0.04599,848.0,0.046,184.0
1753532564766,12:22:44.766,ACT/USDT:USDT,0.04597,110.0,0.04596,163.0,0.04599,848.0,0.046,184.0
1753532564783,12:22:44.783,ACT/USDT:USDT,0.04597,116.0,0.04596,163.0,0.04599,848.0,0.046,184.0
1753532565007,12:22:45.007,ACT/USDT:USDT,0.04597,116.0,0.04596,163.0,0.04599,857.0,0.046,184.0
1753532565585,12:22:45.585,ACT/USDT:USDT,0.04597,116.0,0.04596,163.0,0.04599,857.0,0.046,184.0
1753532565714,12:22:45.714,ACT/USDT:USDT,0.04597,116.0,0.04596,163.0,0.04599,848.0,0.046,184.0
1753532566007,12:22:46.007,ACT/USDT:USDT,0.04597,116.0,0.04596,163.0,0.04599,848.0,0.046,184.0
1753532566711,12:22:46.711,ACT/USDT:USDT,0.04597,116.0,0.04596,163.0,0.04599,848.0,0.04601,184.0
1753532566830,12:22:46.830,ACT/USDT:USDT,0.04597,116.0,0.04596,163.0,0.04599,848.0,0.04601,184.0
1753532567071,12:22:47.071,ACT/USDT:USDT,0.04597,6.0,0.04596,163.0,0.04599,205.0,0.04601,184.0
1753532567128,12:22:47.128,ACT/USDT:USDT,0.04597,3.0,0.04596,163.0,0.04599,857.0,0.04601,184.0
1753532567244,12:22:47.244,ACT/USDT:USDT,0.04597,3.0,0.04596,163.0,0.04599,857.0,0.04601,184.0
1753532567663,12:22:47.663,ACT/USDT:USDT,0.04597,3.0,0.04596,163.0,0.04599,205.0,0.04601,184.0
1753532567958,12:22:47.958,ACT/USDT:USDT,0.04597,3.0,0.04596,163.0,0.04599,205.0,0.04601,184.0
1753532568619,12:22:48.619,ACT/USDT:USDT,0.04597,3.0,0.04596,163.0,0.04599,205.0,0.04601,184.0
1753532568933,12:22:48.933,ACT/USDT:USDT,0.04597,3.0,0.04596,163.0,0.04599,205.0,0.04601,184.0
1753532569475,12:22:49.475,ACT/USDT:USDT,0.04597,3.0,0.04596,163.0,0.04599,205.0,0.04601,184.0
1753532569490,12:22:49.490,ACT/USDT:USDT,0.04597,3.0,0.04596,163.0,0.04599,205.0,0.04601,184.0
1753532569979,12:22:49.979,ACT/USDT:USDT,0.04597,3.0,0.04596,163.0,0.04599,205.0,0.04601,184.0
1753532571171,12:22:51.171,ACT/USDT:USDT,0.04597,3.0,0.04596,163.0,0.04599,196.0,0.04601,184.0
1753532571193,12:22:51.193,ACT/USDT:USDT,0.04597,3.0,0.04596,163.0,0.04599,196.0,0.04601,184.0
1753532573738,12:22:53.738,ACT/USDT:USDT,0.04597,3.0,0.04596,163.0,0.04599,205.0,0.04601,184.0
1753532575557,12:22:55.557,ACT/USDT:USDT,0.04597,3.0,0.04595,168.0,0.04599,857.0,0.04601,184.0
1753532575586,12:22:55.586,ACT/USDT:USDT,0.04596,3.0,0.04595,168.0,0.04599,857.0,0.04601,184.0
1753532575698,12:22:55.698,ACT/USDT:USDT,0.04596,3.0,0.04595,162.0,0.04599,857.0,0.04601,184.0
1753532576156,12:22:56.156,ACT/USDT:USDT,0.04596,3.0,0.04595,162.0,0.04599,857.0,0.04601,184.0
1753532577019,12:22:57.019,ACT/USDT:USDT,0.04596,3.0,0.04595,162.0,0.04598,203.0,0.04599,839.0
1753532577163,12:22:57.163,ACT/USDT:USDT,0.04596,3.0,0.04595,162.0,0.04598,855.0,0.04599,187.0
1753532577248,12:22:57.248,ACT/USDT:USDT,0.04596,3.0,0.04595,162.0,0.04598,855.0,0.04599,187.0
1753532582458,12:23:02.458,ACT/USDT:USDT,0.04596,3.0,0.04595,162.0,0.04598,855.0,0.04599,187.0
1753532587074,12:23:07.074,ACT/USDT:USDT,0.04596,3.0,0.04594,6.0,0.04597,203.0,0.04598,185.0
1753532587145,12:23:07.145,ACT/USDT:USDT,0.04592,9.0,0.04591,240.0,0.04597,856.0,0.04598,185.0
1753532587258,12:23:07.258,ACT/USDT:USDT,0.04594,110.0,0.04593,110.0,0.04598,185.0,0.04599,187.0
1753532587360,12:23:07.360,ACT/USDT:USDT,0.04596,110.0,0.04595,165.0,0.04598,855.0,0.04599,187.0
1753532587457,12:23:07.457,ACT/USDT:USDT,0.04596,116.0,0.04595,162.0,0.04598,855.0,0.04599,187.0
1753532587812,12:23:07.812,ACT/USDT:USDT,0.04596,116.0,0.04595,162.0,0.04598,855.0,0.04599,187.0
1753532587958,12:23:07.958,ACT/USDT:USDT,0.04596,116.0,0.04595,162.0,0.04598,855.0,0.04599,187.0
1753532588634,12:23:08.634,ACT/USDT:USDT,0.04596,116.0,0.04595,162.0,0.04598,855.0,0.04599,187.0
1753532589055,12:23:09.055,ACT/USDT:USDT,0.04596,116.0,0.04595,162.0,0.04598,855.0,0.04599,187.0
1753532590670,12:23:10.670,ACT/USDT:USDT,0.04596,116.0,0.04595,162.0,0.04598,846.0,0.04599,187.0
1753532591364,12:23:11.364,ACT/USDT:USDT,0.04596,116.0,0.04595,162.0,0.04598,837.0,0.04599,187.0
1753532591717,12:23:11.717,ACT/USDT:USDT,0.04596,116.0,0.04595,162.0,0.04598,837.0,0.04599,187.0
1753532591887,12:23:11.887,ACT/USDT:USDT,0.04596,116.0,0.04595,162.0,0.04598,837.0,0.04599,187.0
1753532592713,12:23:12.713,ACT/USDT:USDT,0.04596,116.0,0.04595,162.0,0.04598,837.0,0.04599,187.0
1753532594950,12:23:14.950,ACT/USDT:USDT,0.04596,116.0,0.04595,162.0,0.04598,846.0,0.04599,187.0
1753532596914,12:23:16.914,ACT/USDT:USDT,0.04596,116.0,0.04595,162.0,0.04598,837.0,0.04599,187.0
1753532599457,12:23:19.457,ACT/USDT:USDT,0.04596,116.0,0.04595,162.0,0.04598,652.0,0.04599,187.0
1753532602737,12:23:22.737,ACT/USDT:USDT,0.04596,116.0,0.04595,162.0,0.04598,652.0,0.04599,187.0
1753532603639,12:23:23.639,ACT/USDT:USDT,0.04596,116.0,0.04595,162.0,0.04598,652.0,0.04599,187.0
1753532607558,12:23:27.558,ACT/USDT:USDT,0.04596,116.0,0.04595,162.0,0.04598,652.0,0.04599,187.0
1753532609418,12:23:29.418,ACT/USDT:USDT,0.04596,116.0,0.04595,162.0,0.04598,661.0,0.04599,187.0
1753532609479,12:23:29.479,ACT/USDT:USDT,0.04596,116.0,0.04595,162.0,0.04598,652.0,0.04599,187.0
1753532610522,12:23:30.522,ACT/USDT:USDT,0.04596,116.0,0.04595,162.0,0.04598,652.0,0.04599,187.0
1753532614599,12:23:34.599,ACT/USDT:USDT,0.04596,116.0,0.04595,162.0,0.04598,661.0,0.04599,187.0
1753532615366,12:23:35.366,ACT/USDT:USDT,0.04596,116.0,0.04595,162.0,0.04598,652.0,0.04599,187.0
1753532616513,12:23:36.513,ACT/USDT:USDT,0.04596,116.0,0.04595,162.0,0.04598,661.0,0.04599,187.0
1753532616961,12:23:36.961,ACT/USDT:USDT,0.04596,116.0,0.04595,162.0,0.04598,661.0,0.04599,187.0
1753532616976,12:23:36.976,ACT/USDT:USDT,0.04596,116.0,0.04595,162.0,0.04598,661.0,0.04599,187.0
1753532617805,12:23:37.805,ACT/USDT:USDT,0.04596,116.0,0.04595,162.0,0.04598,661.0,0.04599,187.0
1753532619494,12:23:39.494,ACT/USDT:USDT,0.04596,116.0,0.04595,162.0,0.04598,652.0,0.04599,187.0
1753532619875,12:23:39.875,ACT/USDT:USDT,0.04597,110.0,0.04596,116.0,0.04598,661.0,0.04599,187.0
1753532619974,12:23:39.974,ACT/USDT:USDT,0.04597,110.0,0.04596,116.0,0.04599,1.0,0.04601,184.0
1753532620057,12:23:40.057,ACT/USDT:USDT,0.04598,110.0,0.04597,119.0,0.04599,1.0,0.04601,184.0
1753532620173,12:23:40.173,ACT/USDT:USDT,0.04598,110.0,0.04597,110.0,0.04599,1.0,0.04601,184.0
1753532620197,12:23:40.197,ACT/USDT:USDT,0.04598,110.0,0.04597,110.0,0.04599,653.0,0.04601,184.0
1753532620295,12:23:40.295,ACT/USDT:USDT,0.04598,110.0,0.04597,110.0,0.04599,653.0,0.04601,184.0
1753532620746,12:23:40.746,ACT/USDT:USDT,0.04598,110.0,0.04597,110.0,0.04599,653.0,0.04601,184.0
1753532621173,12:23:41.173,ACT/USDT:USDT,0.04598,110.0,0.04597,110.0,0.04599,653.0,0.04601,184.0
1753532624538,12:23:44.538,ACT/USDT:USDT,0.04598,110.0,0.04597,110.0,0.04599,653.0,0.04601,184.0
1753532624672,12:23:44.672,ACT/USDT:USDT,0.04597,110.0,0.04596,161.0,0.04599,671.0,0.04601,184.0
1753532624687,12:23:44.687,ACT/USDT:USDT,0.04597,116.0,0.04596,161.0,0.04599,671.0,0.04601,184.0
1753532624823,12:23:44.823,ACT/USDT:USDT,0.04597,116.0,0.04596,161.0,0.04599,671.0,0.04601,184.0
1753532625644,12:23:45.644,ACT/USDT:USDT,0.04597,116.0,0.04596,161.0,0.04599,671.0,0.04601,184.0
1753532626063,12:23:46.063,ACT/USDT:USDT,0.04597,116.0,0.04596,161.0,0.04599,671.0,0.04601,184.0
1753532626543,12:23:46.543,ACT/USDT:USDT,0.04597,116.0,0.04596,161.0,0.04599,671.0,0.04601,184.0
1753532631793,12:23:51.793,ACT/USDT:USDT,0.04597,116.0,0.04596,161.0,0.04599,653.0,0.04601,184.0
1753532633933,12:23:53.933,ACT/USDT:USDT,0.04597,116.0,0.04596,161.0,0.04599,671.0,0.04601,184.0
1753532638274,12:23:58.274,ACT/USDT:USDT,0.04597,125.0,0.04596,161.0,0.04599,662.0,0.04601,184.0
1753532638358,12:23:58.358,ACT/USDT:USDT,0.04598,110.0,0.04597,125.0,0.04599,1.0,0.04601,184.0
1753532638382,12:23:58.382,ACT/USDT:USDT,0.04598,110.0,0.04597,119.0,0.04599,1.0,0.04601,184.0
1753532638638,12:23:58.638,ACT/USDT:USDT,0.04598,110.0,0.04597,119.0,0.04599,1.0,0.04601,184.0
1753532639671,12:23:59.671,ACT/USDT:USDT,0.04597,110.0,0.04595,61.0,0.04599,10.0,0.04601,184.0
1753532639701,12:23:59.701,ACT/USDT:USDT,0.04597,119.0,0.04596,216.0,0.04599,10.0,0.04601,184.0
1753532639865,12:23:59.865,ACT/USDT:USDT,0.04598,110.0,0.04597,116.0,0.04599,10.0,0.04601,184.0
1753532639975,12:23:59.975,ACT/USDT:USDT,0.04597,119.0,0.04595,61.0,0.04599,10.0,0.04601,184.0
1753532640070,12:24:00.070,ACT/USDT:USDT,0.04597,110.0,0.04596,216.0,0.04599,19.0,0.04601,184.0
1753532640098,12:24:00.098,ACT/USDT:USDT,0.04597,116.0,0.04596,161.0,0.04599,671.0,0.04601,184.0
1753532640339,12:24:00.339,ACT/USDT:USDT,0.04597,6.0,0.04596,161.0,0.04599,671.0,0.04601,184.0
1753532640461,12:24:00.461,ACT/USDT:USDT,0.04597,9.0,0.04596,161.0,0.04599,671.0,0.04601,184.0
1753532640703,12:24:00.703,ACT/USDT:USDT,0.04597,9.0,0.04596,161.0,0.04599,671.0,0.04601,184.0
1753532641131,12:24:01.131,ACT/USDT:USDT,0.04597,9.0,0.04596,161.0,0.04599,671.0,0.04601,184.0
1753532641503,12:24:01.503,ACT/USDT:USDT,0.04597,9.0,0.04596,161.0,0.04599,671.0,0.04601,184.0
1753532641824,12:24:01.824,ACT/USDT:USDT,0.04597,9.0,0.04596,161.0,0.04599,671.0,0.04601,184.0
1753532641944,12:24:01.944,ACT/USDT:USDT,0.04597,9.0,0.04596,161.0,0.04599,671.0,0.04601,184.0
1753532642520,12:24:02.520,ACT/USDT:USDT,0.04597,9.0,0.04596,161.0,0.04599,671.0,0.04601,184.0
1753532642636,12:24:02.636,ACT/USDT:USDT,0.04597,9.0,0.04596,161.0,0.04599,671.0,0.04601,184.0
1753532642848,12:24:02.848,ACT/USDT:USDT,0.04597,9.0,0.04596,161.0,0.04599,671.0,0.04601,184.0
1753532643295,12:24:03.295,ACT/USDT:USDT,0.04597,9.0,0.04596,161.0,0.04599,671.0,0.04601,184.0
1753532643518,12:24:03.518,ACT/USDT:USDT,0.04597,9.0,0.04596,161.0,0.04599,671.0,0.04601,184.0
1753532644118,12:24:04.118,ACT/USDT:USDT,0.04597,9.0,0.04596,161.0,0.04599,671.0,0.04601,184.0
1753532644267,12:24:04.267,ACT/USDT:USDT,0.04597,9.0,0.04596,161.0,0.04599,671.0,0.04601,184.0
1753532644370,12:24:04.370,ACT/USDT:USDT,0.04598,49.0,0.04597,9.0,0.04599,1.0,0.04601,184.0
1753532644418,12:24:04.418,ACT/USDT:USDT,0.04598,49.0,0.04597,170.0,0.04599,1.0,0.04601,184.0
1753532644531,12:24:04.531,ACT/USDT:USDT,0.04598,49.0,0.04597,170.0,0.04599,1.0,0.04601,184.0
1753532644663,12:24:04.663,ACT/USDT:USDT,0.04598,49.0,0.04597,170.0,0.04599,1.0,0.04601,184.0
1753532644744,12:24:04.744,ACT/USDT:USDT,0.04598,49.0,0.04597,225.0,0.04599,1.0,0.04602,185.0
1753532644870,12:24:04.870,ACT/USDT:USDT,0.04598,49.0,0.04597,225.0,0.04599,1.0,0.04602,185.0
1753532644969,12:24:04.969,ACT/USDT:USDT,0.04598,49.0,0.04597,225.0,0.04599,1.0,0.04602,185.0
1753532644990,12:24:04.990,ACT/USDT:USDT,0.04598,49.0,0.04597,225.0,0.04599,1.0,0.04602,185.0
1753532645251,12:24:05.251,ACT/USDT:USDT,0.04598,49.0,0.04597,234.0,0.04599,1.0,0.04602,185.0
1753532645416,12:24:05.416,ACT/USDT:USDT,0.04598,49.0,0.04597,234.0,0.04599,1.0,0.04602,185.0
1753532645842,12:24:05.842,ACT/USDT:USDT,0.04598,49.0,0.04597,234.0,0.04599,1.0,0.04602,185.0
1753532646440,12:24:06.440,ACT/USDT:USDT,0.04598,49.0,0.04597,225.0,0.04599,1.0,0.04602,185.0
1753532646538,12:24:06.538,ACT/USDT:USDT,0.04598,104.0,0.04597,170.0,0.04599,1.0,0.04603,182.0
1753532646669,12:24:06.669,ACT/USDT:USDT,0.04598,104.0,0.04597,179.0,0.04599,1.0,0.04603,182.0
